Unnamed: 0,patents,age,iscustomer,age_bins,age_squared,region_Midwest,region_Northeast,region_Northwest,region_South,region_Southwest
1,0,32.5,0,"(30, 35]",1056.25,True,False,False,False,False
786,3,37.5,0,"(35, 40]",1406.25,False,False,False,False,True
348,4,27.0,1,"(25, 30]",729.0,False,False,True,False,False
927,3,24.5,0,"(20, 25]",600.25,False,True,False,False,False
830,3,37.0,0,"(35, 40]",1369.0,False,False,False,False,True
1046,6,29.5,0,"(25, 30]",870.25,False,True,False,False,False
709,5,27.0,0,"(25, 30]",729.0,False,False,False,False,True
1291,5,20.5,1,"(20, 25]",420.25,False,True,False,False,False
967,6,25.0,0,"(20, 25]",625.0,False,True,False,False,False
10,4,29.5,0,"(25, 30]",870.25,True,False,False,False,False
11,2,36.0,0,"(35, 40]",1296.0,True,False,False,False,False
658,3,18.0,0,"(15, 20]",324.0,False,False,False,False,True
13,7,21.0,0,"(20, 25]",441.0,True,False,False,False,False
265,4,19.5,1,"(15, 20]",380.25,False,False,True,False,False
15,5,32.5,0,"(30, 35]",1056.25,True,False,False,False,False
257,4,28.0,0,"(25, 30]",784.0,False,False,True,False,False
956,2,28.5,0,"(25, 30]",812.25,False,True,False,False,False
576,2,29.5,0,"(25, 30]",870.25,False,False,False,True,False
1180,2,33.0,0,"(30, 35]",1089.0,False,True,False,False,False
578,5,23.5,1,"(20, 25]",552.25,False,False,False,True,False
876,10,33.0,0,"(30, 35]",1089.0,False,False,False,False,True
804,4,18.0,0,"(15, 20]",324.0,False,False,False,False,True
1022,6,23.5,1,"(20, 25]",552.25,False,True,False,False,False
362,4,26.5,0,"(25, 30]",702.25,False,False,True,False,False
1308,1,31.5,0,"(30, 35]",992.25,False,True,False,False,False
514,5,23.5,1,"(20, 25]",552.25,False,False,False,True,False
984,3,30.0,0,"(25, 30]",900.0,False,True,False,False,False
840,0,38.0,0,"(35, 40]",1444.0,False,False,False,False,True
235,1,38.0,0,"(35, 40]",1444.0,False,False,True,False,False
1190,2,18.5,0,"(15, 20]",342.25,False,True,False,False,False
948,0,30.5,0,"(30, 35]",930.25,False,True,False,False,False
951,9,28.0,0,"(25, 30]",784.0,False,True,False,False,False
775,3,12.0,0,"(10, 15]",144.0,False,False,False,False,True
1074,1,28.5,0,"(25, 30]",812.25,False,True,False,False,False
1196,7,35.0,0,"(30, 35]",1225.0,False,True,False,False,False
696,3,27.5,0,"(25, 30]",756.25,False,False,False,False,True
1077,5,31.0,0,"(30, 35]",961.0,False,True,False,False,False
38,5,27.5,0,"(25, 30]",756.25,True,False,False,False,False
396,2,14.5,0,"(10, 15]",210.25,False,False,True,False,False
40,3,27.0,0,"(25, 30]",729.0,True,False,False,False,False
599,4,35.0,1,"(30, 35]",1225.0,False,False,False,True,False
436,4,26.5,0,"(25, 30]",702.25,False,False,False,True,False
43,5,21.5,0,"(20, 25]",462.25,True,False,False,False,False
662,3,28.0,0,"(25, 30]",784.0,False,False,False,False,True
964,10,19.0,1,"(15, 20]",361.0,False,True,False,False,False
614,1,19.5,0,"(15, 20]",380.25,False,False,False,False,True
905,1,24.0,1,"(20, 25]",576.0,False,True,False,False,False
966,7,38.5,0,"(35, 40]",1482.25,False,True,False,False,False
1129,1,33.5,0,"(30, 35]",1122.25,False,True,False,False,False
394,8,25.0,0,"(20, 25]",625.0,False,False,True,False,False
1090,0,31.0,0,"(30, 35]",961.0,False,True,False,False,False
472,3,37.0,1,"(35, 40]",1369.0,False,False,False,True,False
687,3,24.5,0,"(20, 25]",600.25,False,False,False,False,True
632,6,30.0,0,"(25, 30]",900.0,False,False,False,False,True
340,2,24.0,0,"(20, 25]",576.0,False,False,True,False,False
719,1,25.0,0,"(20, 25]",625.0,False,False,False,False,True
635,1,24.5,0,"(20, 25]",600.25,False,False,False,False,True
975,11,25.5,0,"(25, 30]",650.25,False,True,False,False,False
228,2,32.5,0,"(30, 35]",1056.25,False,False,True,False,False
250,4,22.0,0,"(20, 25]",484.0,False,False,True,False,False
370,5,23.5,0,"(20, 25]",552.25,False,False,True,False,False
681,1,25.0,0,"(20, 25]",625.0,False,False,False,False,True
499,0,35.0,0,"(30, 35]",1225.0,False,False,False,True,False
64,3,27.0,0,"(25, 30]",729.0,True,False,False,False,False
1144,8,22.5,0,"(20, 25]",506.25,False,True,False,False,False
66,5,20.0,0,"(15, 20]",400.0,True,False,False,False,False
957,6,32.5,0,"(30, 35]",1056.25,False,True,False,False,False
280,2,24.0,0,"(20, 25]",576.0,False,False,True,False,False
729,3,19.5,1,"(15, 20]",380.25,False,False,False,False,True
70,3,26.5,0,"(25, 30]",702.25,True,False,False,False,False
959,4,27.5,0,"(25, 30]",756.25,False,True,False,False,False
1112,5,24.0,0,"(20, 25]",576.0,False,True,False,False,False
918,2,15.0,0,"(10, 15]",225.0,False,True,False,False,False
1235,4,16.0,0,"(15, 20]",256.0,False,True,False,False,False
603,0,28.0,0,"(25, 30]",784.0,False,False,False,False,True
76,3,16.0,0,"(15, 20]",256.0,True,False,False,False,False
930,0,26.5,0,"(25, 30]",702.25,False,True,False,False,False
820,3,21.0,0,"(20, 25]",441.0,False,False,False,False,True
79,7,31.5,0,"(30, 35]",992.25,True,False,False,False,False
388,0,34.5,0,"(30, 35]",1190.25,False,False,True,False,False
1243,1,37.0,0,"(35, 40]",1369.0,False,True,False,False,False
82,7,24.0,0,"(20, 25]",576.0,True,False,False,False,False
461,1,42.0,0,"(40, 45]",1764.0,False,False,False,True,False
44,3,25.5,0,"(25, 30]",650.25,True,False,False,False,False
430,7,25.0,0,"(20, 25]",625.0,False,False,False,True,False
615,3,18.5,1,"(15, 20]",342.25,False,False,False,False,True
1127,15,28.0,0,"(25, 30]",784.0,False,True,False,False,False
928,2,32.5,0,"(30, 35]",1056.25,False,True,False,False,False
900,2,30.0,0,"(25, 30]",900.0,False,True,False,False,False
1373,4,22.5,0,"(20, 25]",506.25,False,True,False,False,False
310,4,18.0,0,"(15, 20]",324.0,False,False,True,False,False
1253,7,24.5,0,"(20, 25]",600.25,False,True,False,False,False
1012,5,19.5,1,"(15, 20]",380.25,False,True,False,False,False
1013,0,36.0,0,"(35, 40]",1296.0,False,True,False,False,False
633,4,21.5,0,"(20, 25]",462.25,False,False,False,False,True
1095,2,29.5,1,"(25, 30]",870.25,False,True,False,False,False
909,5,32.0,0,"(30, 35]",1024.0,False,True,False,False,False
98,2,32.0,0,"(30, 35]",1024.0,True,False,False,False,False
916,3,24.5,0,"(20, 25]",600.25,False,True,False,False,False
1019,4,21.0,0,"(20, 25]",441.0,False,True,False,False,False
843,2,19.0,0,"(15, 20]",361.0,False,False,False,False,True
102,4,22.0,0,"(20, 25]",484.0,True,False,False,False,False
511,2,37.0,0,"(35, 40]",1369.0,False,False,False,True,False
331,2,32.5,0,"(30, 35]",1056.25,False,False,True,False,False
332,3,25.0,0,"(20, 25]",625.0,False,False,True,False,False
1023,5,23.5,0,"(20, 25]",552.25,False,True,False,False,False
645,5,26.0,0,"(25, 30]",676.0,False,False,False,False,True
769,4,27.5,0,"(25, 30]",756.25,False,False,False,False,True
1271,4,15.0,1,"(10, 15]",225.0,False,True,False,False,False
1029,8,20.0,0,"(15, 20]",400.0,False,True,False,False,False
649,3,41.5,0,"(40, 45]",1722.25,False,False,False,False,True
260,4,15.0,1,"(10, 15]",225.0,False,False,True,False,False
113,1,32.0,0,"(30, 35]",1024.0,True,False,False,False,False
903,3,30.5,0,"(30, 35]",930.25,False,True,False,False,False
75,3,19.0,0,"(15, 20]",361.0,True,False,False,False,False
873,3,17.0,1,"(15, 20]",289.0,False,False,False,False,True
1157,5,20.0,0,"(15, 20]",400.0,False,True,False,False,False
118,1,34.5,0,"(30, 35]",1190.25,True,False,False,False,False
1037,3,34.0,0,"(30, 35]",1156.0,False,True,False,False,False
347,6,26.0,0,"(25, 30]",676.0,False,False,True,False,False
997,2,34.5,0,"(30, 35]",1190.25,False,True,False,False,False
998,6,27.5,0,"(25, 30]",756.25,False,True,False,False,False
477,6,39.0,0,"(35, 40]",1521.0,False,False,False,True,False
3,2,32.5,0,"(30, 35]",1056.25,True,False,False,False,False
924,4,17.5,0,"(15, 20]",306.25,False,True,False,False,False
86,0,35.5,0,"(35, 40]",1260.25,True,False,False,False,False
127,4,15.0,0,"(10, 15]",225.0,True,False,False,False,False
1290,3,17.0,0,"(15, 20]",289.0,False,True,False,False,False
965,6,24.5,0,"(20, 25]",600.25,False,True,False,False,False
9,5,40.5,0,"(40, 45]",1640.25,True,False,False,False,False
917,11,23.5,0,"(20, 25]",552.25,False,True,False,False,False
968,3,29.0,1,"(25, 30]",841.0,False,True,False,False,False
569,2,9.5,0,"(5, 10]",90.25,False,False,False,True,False
295,3,30.5,0,"(30, 35]",930.25,False,False,True,False,False
1053,3,15.5,0,"(15, 20]",240.25,False,True,False,False,False
1379,6,17.0,0,"(15, 20]",289.0,False,True,False,False,False
269,2,25.0,0,"(20, 25]",625.0,False,False,True,False,False
677,4,18.0,0,"(15, 20]",324.0,False,False,False,False,True
575,5,20.0,1,"(15, 20]",400.0,False,False,False,True,False
1181,4,18.0,0,"(15, 20]",324.0,False,True,False,False,False
978,2,28.0,0,"(25, 30]",784.0,False,True,False,False,False
248,10,32.5,0,"(30, 35]",1056.25,False,False,True,False,False
457,2,36.5,0,"(35, 40]",1332.25,False,False,False,True,False
1143,2,12.0,0,"(10, 15]",144.0,False,True,False,False,False
847,1,15.0,0,"(10, 15]",225.0,False,False,False,False,True
1186,7,28.5,0,"(25, 30]",812.25,False,True,False,False,False
292,4,22.0,0,"(20, 25]",484.0,False,False,True,False,False
27,5,23.5,0,"(20, 25]",552.25,True,False,False,False,False
1068,0,41.5,0,"(40, 45]",1722.25,False,True,False,False,False
825,4,24.5,0,"(20, 25]",600.25,False,False,False,False,True
302,1,21.0,0,"(20, 25]",441.0,False,False,True,False,False
1069,3,32.0,0,"(30, 35]",1024.0,False,True,False,False,False
1070,2,12.0,0,"(10, 15]",144.0,False,True,False,False,False
902,2,29.5,1,"(25, 30]",870.25,False,True,False,False,False
654,1,34.0,0,"(30, 35]",1156.0,False,False,False,False,True
156,0,46.5,1,"(45, 50]",2162.25,True,False,False,False,False
36,3,19.0,0,"(15, 20]",361.0,True,False,False,False,False
737,2,33.0,1,"(30, 35]",1089.0,False,False,False,False,True
780,4,21.5,0,"(20, 25]",462.25,False,False,False,False,True
1199,3,29.0,0,"(25, 30]",841.0,False,True,False,False,False
336,4,16.5,0,"(15, 20]",272.25,False,False,True,False,False
674,3,39.0,1,"(35, 40]",1521.0,False,False,False,False,True
743,0,21.0,0,"(20, 25]",441.0,False,False,False,False,True
785,6,23.5,0,"(20, 25]",552.25,False,False,False,False,True
934,3,37.0,0,"(35, 40]",1369.0,False,True,False,False,False
480,4,14.5,0,"(10, 15]",210.25,False,False,False,True,False
605,4,20.5,1,"(20, 25]",420.25,False,False,False,False,True
317,3,39.5,0,"(35, 40]",1560.25,False,False,True,False,False
48,1,43.5,0,"(40, 45]",1892.25,True,False,False,False,False
618,4,25.5,0,"(25, 30]",650.25,False,False,False,False,True
171,4,36.5,0,"(35, 40]",1332.25,True,False,False,False,False
684,7,24.0,0,"(20, 25]",576.0,False,False,False,False,True
794,5,33.5,0,"(30, 35]",1122.25,False,False,False,False,True
1214,1,36.5,1,"(35, 40]",1332.25,False,True,False,False,False
490,3,16.0,0,"(15, 20]",256.0,False,False,False,True,False
491,2,42.0,0,"(40, 45]",1764.0,False,False,False,True,False
1338,5,39.0,0,"(35, 40]",1521.0,False,True,False,False,False
435,2,22.0,0,"(20, 25]",484.0,False,False,False,True,False
239,4,38.0,0,"(35, 40]",1444.0,False,False,True,False,False
59,1,28.0,0,"(25, 30]",784.0,True,False,False,False,False
60,2,29.0,0,"(25, 30]",841.0,True,False,False,False,False
1018,7,25.0,0,"(20, 25]",625.0,False,True,False,False,False
62,7,38.5,0,"(35, 40]",1482.25,True,False,False,False,False
373,4,32.5,1,"(30, 35]",1056.25,False,False,True,False,False
724,6,23.5,0,"(20, 25]",552.25,False,False,False,False,True
65,1,25.0,0,"(20, 25]",625.0,True,False,False,False,False
699,3,18.0,1,"(15, 20]",324.0,False,False,False,False,True
1228,5,29.0,0,"(25, 30]",841.0,False,True,False,False,False
1108,5,29.0,0,"(25, 30]",841.0,False,True,False,False,False
1109,3,14.5,0,"(10, 15]",210.25,False,True,False,False,False
986,8,34.0,0,"(30, 35]",1156.0,False,True,False,False,False
71,3,13.5,0,"(10, 15]",182.25,True,False,False,False,False
773,5,22.0,0,"(20, 25]",484.0,False,False,False,False,True
225,1,35.0,0,"(30, 35]",1225.0,False,False,True,False,False
262,5,30.0,0,"(25, 30]",900.0,False,False,True,False,False
1114,3,19.5,1,"(15, 20]",380.25,False,True,False,False,False
226,4,25.0,0,"(20, 25]",625.0,False,False,True,False,False
954,4,17.5,0,"(15, 20]",306.25,False,True,False,False,False
1036,7,44.0,1,"(40, 45]",1936.0,False,True,False,False,False
1240,5,27.0,0,"(25, 30]",729.0,False,True,False,False,False
1445,3,29.0,1,"(25, 30]",841.0,False,True,False,False,False
378,8,28.5,0,"(25, 30]",812.25,False,False,True,False,False
1041,5,13.0,0,"(10, 15]",169.0,False,True,False,False,False
1245,3,28.0,0,"(25, 30]",784.0,False,True,False,False,False
312,3,22.0,0,"(20, 25]",484.0,False,False,True,False,False
926,6,32.0,0,"(30, 35]",1024.0,False,True,False,False,False
914,5,27.5,0,"(25, 30]",756.25,False,True,False,False,False
251,3,29.5,0,"(25, 30]",870.25,False,False,True,False,False
1006,2,11.5,0,"(10, 15]",132.25,False,True,False,False,False
249,5,27.0,0,"(25, 30]",729.0,False,False,True,False,False
437,6,20.5,0,"(20, 25]",420.25,False,False,False,True,False
1131,2,27.0,0,"(25, 30]",729.0,False,True,False,False,False
1375,4,25.0,0,"(20, 25]",625.0,False,True,False,False,False
293,4,25.0,0,"(20, 25]",625.0,False,False,True,False,False
530,6,24.5,0,"(20, 25]",600.25,False,False,False,True,False
942,5,21.5,0,"(20, 25]",462.25,False,True,False,False,False
1136,5,12.5,0,"(10, 15]",156.25,False,True,False,False,False
757,5,27.5,0,"(25, 30]",756.25,False,False,False,False,True
1016,2,20.0,0,"(15, 20]",400.0,False,True,False,False,False
679,4,25.5,0,"(25, 30]",650.25,False,False,False,False,True
383,3,17.5,0,"(15, 20]",306.25,False,False,True,False,False
897,3,30.0,0,"(25, 30]",900.0,False,False,False,False,True
403,5,19.5,1,"(15, 20]",380.25,False,False,True,False,False
1021,4,16.5,0,"(15, 20]",272.25,False,True,False,False,False
1265,5,23.0,0,"(20, 25]",529.0,False,True,False,False,False
1266,2,18.5,0,"(15, 20]",342.25,False,True,False,False,False
698,6,18.0,0,"(15, 20]",324.0,False,False,False,False,True
1025,9,25.0,0,"(20, 25]",625.0,False,True,False,False,False
489,3,22.0,0,"(20, 25]",484.0,False,False,False,True,False
504,1,39.0,0,"(35, 40]",1521.0,False,False,False,True,False
474,0,36.0,0,"(35, 40]",1296.0,False,False,False,True,False
933,2,19.0,0,"(15, 20]",361.0,False,True,False,False,False
1152,3,26.0,0,"(25, 30]",676.0,False,True,False,False,False
432,3,20.0,0,"(15, 20]",400.0,False,False,False,True,False
439,4,22.0,0,"(20, 25]",484.0,False,False,False,True,False
906,2,27.5,0,"(25, 30]",756.25,False,True,False,False,False
993,5,26.5,0,"(25, 30]",702.25,False,True,False,False,False
485,1,37.5,0,"(35, 40]",1406.25,False,False,False,True,False
200,2,10.0,1,"(5, 10]",100.0,True,False,False,False,False
381,0,37.0,0,"(35, 40]",1369.0,False,False,True,False,False
1403,6,17.0,0,"(15, 20]",289.0,False,True,False,False,False
1161,4,16.5,0,"(15, 20]",272.25,False,True,False,False,False
1078,3,33.5,0,"(30, 35]",1122.25,False,True,False,False,False
702,3,24.5,0,"(20, 25]",600.25,False,False,False,False,True
455,4,17.5,0,"(15, 20]",306.25,False,False,False,True,False
962,7,20.5,1,"(20, 25]",420.25,False,True,False,False,False
562,0,19.0,0,"(15, 20]",361.0,False,False,False,True,False
747,0,28.0,0,"(25, 30]",784.0,False,False,False,False,True
357,6,31.5,0,"(30, 35]",992.25,False,False,True,False,False
563,0,40.0,0,"(35, 40]",1600.0,False,False,False,True,False
1170,1,40.0,0,"(35, 40]",1600.0,False,True,False,False,False
765,0,37.5,0,"(35, 40]",1406.25,False,False,False,False,True
1009,0,32.0,0,"(30, 35]",1024.0,False,True,False,False,False
753,2,30.0,0,"(25, 30]",900.0,False,False,False,False,True
647,2,13.5,0,"(10, 15]",182.25,False,False,False,False,True
617,3,22.5,0,"(20, 25]",506.25,False,False,False,False,True
459,5,19.5,0,"(15, 20]",380.25,False,False,False,True,False
621,1,18.0,0,"(15, 20]",324.0,False,False,False,False,True
1178,2,38.0,0,"(35, 40]",1444.0,False,True,False,False,False
623,4,25.5,0,"(25, 30]",650.25,False,False,False,False,True
1302,5,24.0,1,"(20, 25]",576.0,False,True,False,False,False
937,16,35.5,0,"(35, 40]",1260.25,False,True,False,False,False
888,4,23.0,0,"(20, 25]",529.0,False,False,False,False,True
1061,2,16.0,0,"(15, 20]",256.0,False,True,False,False,False
981,2,36.5,0,"(35, 40]",1332.25,False,True,False,False,False
581,2,33.0,0,"(30, 35]",1089.0,False,False,False,True,False
500,5,16.5,1,"(15, 20]",272.25,False,False,False,True,False
1187,1,28.5,1,"(25, 30]",812.25,False,True,False,False,False
622,2,33.0,0,"(30, 35]",1089.0,False,False,False,False,True
1189,2,40.0,0,"(35, 40]",1600.0,False,True,False,False,False
960,6,30.5,0,"(30, 35]",930.25,False,True,False,False,False
192,2,33.5,0,"(30, 35]",1122.25,True,False,False,False,False
652,6,29.0,0,"(25, 30]",841.0,False,False,False,False,True
1193,12,32.5,0,"(30, 35]",1056.25,False,True,False,False,False
613,5,30.5,0,"(30, 35]",930.25,False,False,False,False,True
115,4,32.0,0,"(30, 35]",1024.0,True,False,False,False,False
858,2,25.5,0,"(25, 30]",650.25,False,False,False,False,True
157,1,22.0,0,"(20, 25]",484.0,True,False,False,False,False
158,3,34.5,0,"(30, 35]",1190.25,True,False,False,False,False
996,1,22.5,0,"(20, 25]",506.25,False,True,False,False,False
1442,1,36.0,0,"(35, 40]",1296.0,False,True,False,False,False
161,3,31.0,0,"(30, 35]",961.0,True,False,False,False,False
502,5,17.0,0,"(15, 20]",289.0,False,False,False,True,False
854,2,15.0,0,"(10, 15]",225.0,False,False,False,False,True
205,4,21.0,0,"(20, 25]",441.0,True,False,False,False,False
1001,2,37.0,0,"(35, 40]",1369.0,False,True,False,False,False
624,4,26.0,0,"(25, 30]",676.0,False,False,False,False,True
234,0,29.0,0,"(25, 30]",841.0,False,False,True,False,False
1005,4,20.5,1,"(20, 25]",420.25,False,True,False,False,False
289,7,33.5,0,"(30, 35]",1122.25,False,False,True,False,False
49,5,20.0,0,"(15, 20]",400.0,True,False,False,False,False
670,4,16.5,0,"(15, 20]",272.25,False,False,False,False,True
1334,3,23.0,1,"(20, 25]",529.0,False,True,False,False,False
611,1,22.0,0,"(20, 25]",484.0,False,False,False,False,True
1460,3,21.5,0,"(20, 25]",462.25,False,True,False,False,False
1093,2,26.0,1,"(25, 30]",676.0,False,True,False,False,False
675,3,36.5,1,"(35, 40]",1332.25,False,False,False,False,True
492,4,20.0,0,"(15, 20]",400.0,False,False,False,True,False
1217,3,15.0,0,"(10, 15]",225.0,False,True,False,False,False
1219,5,26.5,0,"(25, 30]",702.25,False,True,False,False,False
495,4,26.0,0,"(25, 30]",676.0,False,False,False,True,False
288,3,19.0,0,"(15, 20]",361.0,False,False,True,False,False
395,3,32.5,0,"(30, 35]",1056.25,False,False,True,False,False
1101,2,32.5,0,"(30, 35]",1056.25,False,True,False,False,False
1459,4,25.5,0,"(25, 30]",650.25,False,True,False,False,False
881,2,37.0,0,"(35, 40]",1369.0,False,False,False,False,True
767,5,21.0,0,"(20, 25]",441.0,False,False,False,False,True
1024,4,22.5,1,"(20, 25]",506.25,False,True,False,False,False
1431,4,24.5,0,"(20, 25]",600.25,False,True,False,False,False
335,2,25.0,0,"(20, 25]",625.0,False,False,True,False,False
1230,0,38.5,0,"(35, 40]",1482.25,False,True,False,False,False
988,7,22.0,1,"(20, 25]",484.0,False,True,False,False,False
989,7,21.5,0,"(20, 25]",462.25,False,True,False,False,False
990,4,14.0,0,"(10, 15]",196.0,False,True,False,False,False
509,5,30.0,0,"(25, 30]",900.0,False,False,False,True,False
343,1,19.5,0,"(15, 20]",380.25,False,False,True,False,False
1498,1,38.0,1,"(35, 40]",1444.0,False,True,False,False,False
994,2,26.0,0,"(25, 30]",676.0,False,True,False,False,False
198,1,15.5,0,"(15, 20]",240.25,True,False,False,False,False
894,10,30.5,0,"(30, 35]",930.25,False,False,False,False,True
212,8,24.0,0,"(20, 25]",576.0,True,False,False,False,False
1362,9,19.5,1,"(15, 20]",380.25,False,True,False,False,False
517,4,22.5,0,"(20, 25]",506.25,False,False,False,True,False
1122,2,25.0,0,"(20, 25]",625.0,False,True,False,False,False
164,10,33.0,0,"(30, 35]",1089.0,True,False,False,False,False
165,5,29.5,0,"(25, 30]",870.25,True,False,False,False,False
442,1,35.5,0,"(35, 40]",1260.25,False,False,False,True,False
1004,0,36.5,1,"(35, 40]",1332.25,False,True,False,False,False
707,3,19.5,0,"(15, 20]",380.25,False,False,False,False,True
1249,6,23.0,0,"(20, 25]",529.0,False,True,False,False,False
710,3,34.5,0,"(30, 35]",1190.25,False,False,False,False,True
940,6,36.5,0,"(35, 40]",1332.25,False,True,False,False,False
91,3,26.5,0,"(25, 30]",702.25,True,False,False,False,False
1049,7,29.0,0,"(25, 30]",841.0,False,True,False,False,False
1254,9,33.5,0,"(30, 35]",1122.25,False,True,False,False,False
714,3,23.5,0,"(20, 25]",552.25,False,False,False,False,True
264,4,24.0,0,"(20, 25]",576.0,False,False,True,False,False
932,2,23.5,0,"(20, 25]",552.25,False,True,False,False,False
929,2,28.5,0,"(25, 30]",812.25,False,True,False,False,False
800,5,18.0,1,"(15, 20]",324.0,False,False,False,False,True
870,1,28.5,0,"(25, 30]",812.25,False,False,False,False,True
407,4,25.0,0,"(20, 25]",625.0,False,False,True,False,False
224,1,39.5,0,"(35, 40]",1560.25,True,False,False,False,False
183,2,25.0,0,"(20, 25]",625.0,True,False,False,False,False
103,4,19.0,0,"(15, 20]",361.0,True,False,False,False,False
540,4,20.0,0,"(15, 20]",400.0,False,False,False,True,False
1388,6,21.5,0,"(20, 25]",462.25,False,True,False,False,False
473,4,22.0,0,"(20, 25]",484.0,False,False,False,True,False
1433,6,27.5,0,"(25, 30]",756.25,False,True,False,False,False
809,4,21.0,0,"(20, 25]",441.0,False,False,False,False,True
688,2,16.0,0,"(15, 20]",256.0,False,False,False,False,True
324,7,37.5,0,"(35, 40]",1406.25,False,False,True,False,False
1151,3,20.5,0,"(20, 25]",420.25,False,True,False,False,False
949,3,24.0,0,"(20, 25]",576.0,False,True,False,False,False
950,3,23.0,0,"(20, 25]",529.0,False,True,False,False,False
1154,3,23.0,0,"(20, 25]",529.0,False,True,False,False,False
627,3,16.0,0,"(15, 20]",256.0,False,False,False,False,True
222,4,24.0,0,"(20, 25]",576.0,True,False,False,False,False
214,3,34.5,0,"(30, 35]",1190.25,True,False,False,False,False
217,1,39.0,0,"(35, 40]",1521.0,True,False,False,False,False
1280,1,38.0,0,"(35, 40]",1444.0,False,True,False,False,False
740,10,32.5,0,"(30, 35]",1056.25,False,False,False,False,True
673,4,33.5,0,"(30, 35]",1122.25,False,False,False,False,True
824,1,33.0,0,"(30, 35]",1089.0,False,False,False,False,True
1081,1,29.5,1,"(25, 30]",870.25,False,True,False,False,False
1164,4,18.0,0,"(15, 20]",324.0,False,True,False,False,False
1043,4,17.5,0,"(15, 20]",306.25,False,True,False,False,False
1247,8,26.5,0,"(25, 30]",702.25,False,True,False,False,False
5,6,26.5,0,"(25, 30]",702.25,True,False,False,False,False
1289,6,32.5,0,"(30, 35]",1056.25,False,True,False,False,False
1209,5,17.5,1,"(15, 20]",306.25,False,True,False,False,False
1479,2,30.5,0,"(30, 35]",930.25,False,True,False,False,False
1008,5,22.0,0,"(20, 25]",484.0,False,True,False,False,False
644,6,37.5,0,"(35, 40]",1406.25,False,False,False,False,True
1051,2,33.0,0,"(30, 35]",1089.0,False,True,False,False,False
970,2,31.0,0,"(30, 35]",961.0,False,True,False,False,False
1296,2,15.0,1,"(10, 15]",225.0,False,True,False,False,False
476,4,26.5,0,"(25, 30]",702.25,False,False,False,True,False
1298,7,24.5,0,"(20, 25]",600.25,False,True,False,False,False
574,2,32.0,0,"(30, 35]",1024.0,False,False,False,True,False
608,4,17.0,1,"(15, 20]",289.0,False,False,False,False,True
941,1,30.5,0,"(30, 35]",930.25,False,True,False,False,False
639,2,30.0,0,"(25, 30]",900.0,False,False,False,False,True
20,3,30.5,0,"(30, 35]",930.25,True,False,False,False,False
877,5,31.0,0,"(30, 35]",961.0,False,False,False,False,True
1102,2,22.0,0,"(20, 25]",484.0,False,True,False,False,False
23,0,42.0,0,"(40, 45]",1764.0,True,False,False,False,False
24,2,29.5,0,"(25, 30]",870.25,True,False,False,False,False
307,1,32.0,0,"(30, 35]",1024.0,False,False,True,False,False
1063,4,18.0,0,"(15, 20]",324.0,False,True,False,False,False
958,9,19.5,0,"(15, 20]",380.25,False,True,False,False,False
339,2,47.0,0,"(45, 50]",2209.0,False,False,True,False,False
29,2,25.0,0,"(20, 25]",625.0,True,False,False,False,False
30,3,31.5,0,"(30, 35]",992.25,True,False,False,False,False
471,0,19.5,0,"(15, 20]",380.25,False,False,False,True,False
1315,5,25.5,0,"(25, 30]",650.25,False,True,False,False,False
380,4,32.0,0,"(30, 35]",1024.0,False,False,True,False,False
1317,6,24.5,0,"(20, 25]",600.25,False,True,False,False,False
593,3,24.0,0,"(20, 25]",576.0,False,False,False,True,False
818,0,29.5,0,"(25, 30]",870.25,False,False,False,False,True
887,3,29.5,0,"(25, 30]",870.25,False,False,False,False,True
160,1,42.0,0,"(40, 45]",1764.0,True,False,False,False,False
379,1,10.0,1,"(5, 10]",100.0,False,False,True,False,False
1201,6,23.5,1,"(20, 25]",552.25,False,True,False,False,False
1038,2,13.0,1,"(10, 15]",169.0,False,True,False,False,False
42,1,20.5,0,"(20, 25]",420.25,True,False,False,False,False
1326,5,27.0,0,"(25, 30]",729.0,False,True,False,False,False
1206,7,27.5,0,"(25, 30]",756.25,False,True,False,False,False
1328,5,30.5,0,"(30, 35]",930.25,False,True,False,False,False
667,2,19.0,0,"(15, 20]",361.0,False,False,False,False,True
274,3,20.0,1,"(15, 20]",400.0,False,False,True,False,False
1330,9,18.5,0,"(15, 20]",342.25,False,True,False,False,False
413,4,16.5,1,"(15, 20]",272.25,False,False,False,True,False
792,6,25.0,0,"(20, 25]",625.0,False,False,False,False,True
616,3,24.0,0,"(20, 25]",576.0,False,False,False,False,True
1091,0,26.0,0,"(25, 30]",676.0,False,True,False,False,False
1336,1,38.5,0,"(35, 40]",1482.25,False,True,False,False,False
982,4,30.5,0,"(30, 35]",930.25,False,True,False,False,False
55,5,26.0,0,"(25, 30]",676.0,True,False,False,False,False
1218,4,36.0,1,"(35, 40]",1296.0,False,True,False,False,False
443,4,41.0,0,"(40, 45]",1681.0,False,False,False,True,False
977,3,35.5,0,"(35, 40]",1260.25,False,True,False,False,False
421,3,21.5,0,"(20, 25]",462.25,False,False,False,True,False
1100,1,29.5,1,"(25, 30]",870.25,False,True,False,False,False
1452,9,35.0,1,"(30, 35]",1225.0,False,True,False,False,False
1345,0,11.5,0,"(10, 15]",132.25,False,True,False,False,False
805,5,27.0,1,"(25, 30]",729.0,False,False,False,False,True
406,2,17.0,0,"(15, 20]",289.0,False,False,True,False,False
1105,0,34.0,0,"(30, 35]",1156.0,False,True,False,False,False
983,4,25.0,1,"(20, 25]",625.0,False,True,False,False,False
1107,6,23.5,0,"(20, 25]",552.25,False,True,False,False,False
935,12,24.0,0,"(20, 25]",576.0,False,True,False,False,False
1352,3,23.5,0,"(20, 25]",552.25,False,True,False,False,False
152,5,22.5,1,"(20, 25]",506.25,True,False,False,False,False
464,2,36.5,0,"(35, 40]",1332.25,False,False,False,True,False
692,2,27.5,0,"(25, 30]",756.25,False,False,False,False,True
73,3,20.0,0,"(15, 20]",400.0,True,False,False,False,False
1357,1,39.5,0,"(35, 40]",1560.25,False,True,False,False,False
1115,2,34.0,0,"(30, 35]",1156.0,False,True,False,False,False
925,5,27.5,0,"(25, 30]",756.25,False,True,False,False,False
513,6,26.5,0,"(25, 30]",702.25,False,False,False,True,False
78,3,16.0,0,"(15, 20]",256.0,True,False,False,False,False
821,3,21.5,1,"(20, 25]",462.25,False,False,False,False,True
364,2,18.0,0,"(15, 20]",324.0,False,False,True,False,False
386,3,17.5,0,"(15, 20]",306.25,False,False,True,False,False
206,5,20.5,0,"(20, 25]",420.25,True,False,False,False,False
784,2,21.0,0,"(20, 25]",441.0,False,False,False,False,True
1123,3,32.5,0,"(30, 35]",1056.25,False,True,False,False,False
85,4,32.5,0,"(30, 35]",1056.25,True,False,False,False,False
788,5,22.5,0,"(20, 25]",506.25,False,False,False,False,True
523,2,22.5,0,"(20, 25]",506.25,False,False,False,True,False
938,1,34.5,0,"(30, 35]",1190.25,False,True,False,False,False
943,6,17.5,0,"(15, 20]",306.25,False,True,False,False,False
711,2,13.5,0,"(10, 15]",182.25,False,False,False,False,True
656,1,31.0,0,"(30, 35]",961.0,False,False,False,False,True
726,5,30.0,0,"(25, 30]",900.0,False,False,False,False,True
1376,2,21.0,0,"(20, 25]",441.0,False,True,False,False,False
267,9,23.0,0,"(20, 25]",529.0,False,False,True,False,False
1014,4,20.0,0,"(15, 20]",400.0,False,True,False,False,False
255,5,27.0,0,"(25, 30]",729.0,False,False,True,False,False
1137,5,18.5,1,"(15, 20]",342.25,False,True,False,False,False
1015,4,23.0,0,"(20, 25]",529.0,False,True,False,False,False
458,1,18.5,0,"(15, 20]",342.25,False,False,False,True,False
1383,4,18.5,0,"(15, 20]",342.25,False,True,False,False,False
537,6,28.5,0,"(25, 30]",812.25,False,False,False,True,False
844,5,31.5,0,"(30, 35]",992.25,False,False,False,False,True
1141,6,32.0,0,"(30, 35]",1024.0,False,True,False,False,False
1062,2,30.5,0,"(30, 35]",930.25,False,True,False,False,False
1103,3,23.5,0,"(20, 25]",552.25,False,True,False,False,False
643,4,24.5,0,"(20, 25]",600.25,False,False,False,False,True
351,4,27.0,0,"(25, 30]",729.0,False,False,True,False,False
770,3,25.0,0,"(20, 25]",625.0,False,False,False,False,True
689,3,28.0,0,"(25, 30]",784.0,False,False,False,False,True
282,4,25.5,0,"(25, 30]",650.25,False,False,True,False,False
1030,2,21.0,0,"(20, 25]",441.0,False,True,False,False,False
72,3,26.0,0,"(25, 30]",676.0,True,False,False,False,False
911,1,29.0,0,"(25, 30]",841.0,False,True,False,False,False
908,1,23.0,0,"(20, 25]",529.0,False,True,False,False,False
893,3,19.0,0,"(15, 20]",361.0,False,False,False,False,True
116,6,32.0,0,"(30, 35]",1024.0,True,False,False,False,False
1400,8,20.0,0,"(15, 20]",400.0,False,True,False,False,False
594,2,17.5,0,"(15, 20]",306.25,False,False,False,True,False
1159,5,34.5,0,"(30, 35]",1190.25,False,True,False,False,False
120,3,41.5,0,"(40, 45]",1722.25,True,False,False,False,False
475,4,31.0,0,"(30, 35]",961.0,False,False,False,True,False
634,1,22.5,0,"(20, 25]",506.25,False,False,False,False,True
620,4,27.0,0,"(25, 30]",729.0,False,False,False,False,True
422,0,33.5,0,"(30, 35]",1122.25,False,False,False,True,False
420,3,16.5,0,"(15, 20]",272.25,False,False,False,True,False
445,5,21.5,0,"(20, 25]",462.25,False,False,False,True,False
1167,5,22.5,0,"(20, 25]",506.25,False,True,False,False,False
128,5,15.0,0,"(10, 15]",225.0,True,False,False,False,False
1047,4,15.0,0,"(10, 15]",225.0,False,True,False,False,False
1089,2,41.0,0,"(40, 45]",1681.0,False,True,False,False,False
131,1,19.5,0,"(15, 20]",380.25,True,False,False,False,False
1172,4,15.0,0,"(10, 15]",225.0,False,True,False,False,False
12,2,24.0,0,"(20, 25]",576.0,True,False,False,False,False
1174,1,21.5,1,"(20, 25]",462.25,False,True,False,False,False
294,2,11.5,0,"(10, 15]",132.25,False,False,True,False,False
797,3,18.0,0,"(15, 20]",324.0,False,False,False,False,True
285,4,19.5,0,"(15, 20]",380.25,False,False,True,False,False
433,5,26.0,1,"(25, 30]",676.0,False,False,False,True,False
1179,3,29.5,0,"(25, 30]",870.25,False,True,False,False,False
761,3,19.0,0,"(15, 20]",361.0,False,False,False,False,True
423,4,37.0,0,"(35, 40]",1369.0,False,False,False,True,False
330,3,34.5,0,"(30, 35]",1190.25,False,False,True,False,False
438,6,24.5,0,"(20, 25]",600.25,False,False,False,True,False
628,7,26.5,1,"(25, 30]",702.25,False,False,False,False,True
835,3,26.5,0,"(25, 30]",702.25,False,False,False,False,True
106,3,34.0,0,"(30, 35]",1156.0,True,False,False,False,False
488,5,21.0,0,"(20, 25]",441.0,False,False,False,True,False
218,4,17.5,0,"(15, 20]",306.25,True,False,False,False,False
866,10,34.0,0,"(30, 35]",1156.0,False,False,False,False,True
799,6,28.0,0,"(25, 30]",784.0,False,False,False,False,True
691,0,26.0,0,"(25, 30]",676.0,False,False,False,False,True
1312,3,44.0,0,"(40, 45]",1936.0,False,True,False,False,False
1071,2,36.0,0,"(35, 40]",1296.0,False,True,False,False,False
1194,4,21.0,1,"(20, 25]",441.0,False,True,False,False,False
1073,3,29.0,0,"(25, 30]",841.0,False,True,False,False,False
1439,4,22.0,0,"(20, 25]",484.0,False,True,False,False,False
512,2,22.0,0,"(20, 25]",484.0,False,False,False,True,False
931,4,23.5,1,"(20, 25]",552.25,False,True,False,False,False
822,2,40.5,0,"(40, 45]",1640.25,False,False,False,False,True
596,16,24.5,0,"(20, 25]",600.25,False,False,False,True,False
1323,5,33.0,0,"(30, 35]",1089.0,False,True,False,False,False
1079,9,22.0,0,"(20, 25]",484.0,False,True,False,False,False
852,9,27.0,0,"(25, 30]",729.0,False,False,False,False,True
124,2,32.0,0,"(30, 35]",1024.0,True,False,False,False,False
663,2,33.5,0,"(30, 35]",1122.25,False,False,False,False,True
271,4,14.5,1,"(10, 15]",210.25,False,False,True,False,False
1086,5,24.0,0,"(20, 25]",576.0,False,True,False,False,False
47,2,21.0,1,"(20, 25]",441.0,True,False,False,False,False
233,2,40.0,0,"(35, 40]",1600.0,False,False,True,False,False
1210,6,18.0,0,"(15, 20]",324.0,False,True,False,False,False
526,2,19.0,1,"(15, 20]",361.0,False,False,False,True,False
1333,4,14.5,1,"(10, 15]",210.25,False,True,False,False,False
1011,9,31.0,1,"(30, 35]",961.0,False,True,False,False,False
1457,2,33.0,0,"(30, 35]",1089.0,False,True,False,False,False
995,1,22.5,0,"(20, 25]",506.25,False,True,False,False,False
136,4,22.0,0,"(20, 25]",484.0,True,False,False,False,False
137,4,18.0,1,"(15, 20]",324.0,True,False,False,False,False
452,3,13.5,0,"(10, 15]",182.25,False,False,False,True,False
637,11,34.0,0,"(30, 35]",1156.0,False,False,False,False,True
356,3,40.0,0,"(35, 40]",1600.0,False,False,True,False,False
721,2,16.0,0,"(15, 20]",256.0,False,False,False,False,True
979,9,25.5,0,"(25, 30]",650.25,False,True,False,False,False
1426,6,20.0,1,"(15, 20]",400.0,False,True,False,False,False
869,5,31.5,0,"(30, 35]",992.25,False,False,False,False,True
874,7,24.0,0,"(20, 25]",576.0,False,False,False,False,True
1226,4,30.0,1,"(25, 30]",900.0,False,True,False,False,False
334,0,41.5,0,"(40, 45]",1722.25,False,False,True,False,False
67,3,22.0,1,"(20, 25]",484.0,True,False,False,False,False
810,1,41.0,0,"(40, 45]",1681.0,False,False,False,False,True
69,5,19.0,1,"(15, 20]",361.0,True,False,False,False,False
923,0,25.0,0,"(20, 25]",625.0,False,True,False,False,False
32,2,37.5,0,"(35, 40]",1406.25,True,False,False,False,False
508,3,35.0,0,"(30, 35]",1225.0,False,False,False,True,False
1113,1,25.0,0,"(20, 25]",625.0,False,True,False,False,False
155,2,26.0,0,"(25, 30]",676.0,True,False,False,False,False
1236,9,31.0,0,"(30, 35]",961.0,False,True,False,False,False
953,1,34.0,0,"(30, 35]",1156.0,False,True,False,False,False
1238,1,20.0,0,"(15, 20]",400.0,False,True,False,False,False
1239,2,15.5,0,"(15, 20]",240.25,False,True,False,False,False
187,6,28.0,0,"(25, 30]",784.0,True,False,False,False,False
838,5,19.0,0,"(15, 20]",361.0,False,False,False,False,True
646,4,20.5,0,"(20, 25]",420.25,False,False,False,False,True
163,3,24.5,0,"(20, 25]",600.25,True,False,False,False,False
273,3,26.5,0,"(25, 30]",702.25,False,False,True,False,False
812,4,35.5,0,"(35, 40]",1260.25,False,False,False,False,True
705,8,29.0,0,"(25, 30]",841.0,False,False,False,False,True
907,2,28.5,0,"(25, 30]",812.25,False,True,False,False,False
1248,4,17.5,1,"(15, 20]",306.25,False,True,False,False,False
230,4,32.5,1,"(30, 35]",1056.25,False,False,True,False,False
1169,4,24.0,0,"(20, 25]",576.0,False,True,False,False,False
412,6,21.0,0,"(20, 25]",441.0,False,False,False,True,False
278,5,26.5,0,"(25, 30]",702.25,False,False,True,False,False
384,0,12.0,1,"(10, 15]",144.0,False,False,True,False,False
1132,5,27.5,0,"(25, 30]",756.25,False,True,False,False,False
955,0,34.0,0,"(30, 35]",1156.0,False,True,False,False,False
1135,6,27.5,0,"(25, 30]",756.25,False,True,False,False,False
1258,3,22.5,0,"(20, 25]",506.25,False,True,False,False,False
326,4,16.0,0,"(15, 20]",256.0,False,False,True,False,False
1138,2,16.5,1,"(15, 20]",272.25,False,True,False,False,False
1260,3,36.0,1,"(35, 40]",1296.0,False,True,False,False,False
415,1,34.5,0,"(30, 35]",1190.25,False,False,False,True,False
899,1,35.0,0,"(30, 35]",1225.0,False,False,False,False,True
1142,3,21.0,0,"(20, 25]",441.0,False,True,False,False,False
1264,4,20.5,0,"(20, 25]",420.25,False,True,False,False,False
1492,8,25.5,0,"(25, 30]",650.25,False,True,False,False,False
1267,0,37.0,0,"(35, 40]",1369.0,False,True,False,False,False
350,8,23.0,0,"(20, 25]",529.0,False,False,True,False,False
374,1,9.0,0,"(5, 10]",81.0,False,False,True,False,False
728,5,32.0,0,"(30, 35]",1024.0,False,False,False,False,True
1027,5,35.5,0,"(35, 40]",1260.25,False,True,False,False,False
462,6,19.5,0,"(15, 20]",380.25,False,False,False,True,False
505,4,26.5,0,"(25, 30]",702.25,False,False,False,True,False
548,2,34.0,0,"(30, 35]",1156.0,False,False,False,True,False
1153,9,20.5,0,"(20, 25]",420.25,False,True,False,False,False
244,8,24.0,0,"(20, 25]",576.0,False,False,True,False,False
912,2,11.5,1,"(10, 15]",132.25,False,True,False,False,False
197,3,24.5,0,"(20, 25]",600.25,True,False,False,False,False
409,10,25.0,0,"(20, 25]",625.0,False,False,True,False,False
1279,3,30.0,0,"(25, 30]",900.0,False,True,False,False,False
848,2,15.0,0,"(10, 15]",225.0,False,False,False,False,True
189,4,24.5,0,"(20, 25]",600.25,True,False,False,False,False
1404,3,21.5,0,"(20, 25]",462.25,False,True,False,False,False
1039,6,22.5,0,"(20, 25]",506.25,False,True,False,False,False
559,5,34.0,0,"(30, 35]",1156.0,False,False,False,True,False
999,1,37.5,0,"(35, 40]",1406.25,False,True,False,False,False
440,10,33.5,0,"(30, 35]",1122.25,False,False,False,True,False
314,6,29.5,1,"(25, 30]",870.25,False,False,True,False,False
789,5,32.5,0,"(30, 35]",1056.25,False,False,False,False,True
1168,3,14.5,1,"(10, 15]",210.25,False,True,False,False,False
450,5,31.0,0,"(30, 35]",961.0,False,False,False,True,False
1499,4,19.5,0,"(15, 20]",380.25,False,True,False,False,False
172,1,21.5,0,"(20, 25]",462.25,True,False,False,False,False
1293,5,30.0,0,"(25, 30]",900.0,False,True,False,False,False
755,0,24.0,0,"(20, 25]",576.0,False,False,False,False,True
283,2,27.5,0,"(25, 30]",756.25,False,False,True,False,False
1175,4,31.0,0,"(30, 35]",961.0,False,True,False,False,False
969,1,34.0,0,"(30, 35]",1156.0,False,True,False,False,False
1177,0,30.5,0,"(30, 35]",930.25,False,True,False,False,False
17,6,30.0,0,"(25, 30]",900.0,True,False,False,False,False
328,4,22.5,0,"(20, 25]",506.25,False,False,True,False,False
140,0,37.5,0,"(35, 40]",1406.25,True,False,False,False,False
463,5,31.0,1,"(30, 35]",961.0,False,False,False,True,False
142,3,16.0,0,"(15, 20]",256.0,True,False,False,False,False
1223,4,20.5,0,"(20, 25]",420.25,False,True,False,False,False
1224,6,34.5,0,"(30, 35]",1190.25,False,True,False,False,False
1185,2,17.5,0,"(15, 20]",306.25,False,True,False,False,False
174,1,32.5,0,"(30, 35]",1056.25,True,False,False,False,False
583,0,25.5,0,"(25, 30]",650.25,False,False,False,True,False
308,5,15.5,0,"(15, 20]",240.25,False,False,True,False,False
1447,1,31.5,0,"(30, 35]",992.25,False,True,False,False,False
1311,7,15.5,0,"(15, 20]",240.25,False,True,False,False,False
466,3,32.0,0,"(30, 35]",1024.0,False,False,False,True,False
261,4,21.0,0,"(20, 25]",441.0,False,False,True,False,False
468,5,21.5,0,"(20, 25]",462.25,False,False,False,True,False
1424,6,42.5,0,"(40, 45]",1806.25,False,True,False,False,False
345,1,10.0,0,"(5, 10]",100.0,False,False,True,False,False
882,3,18.5,0,"(15, 20]",342.25,False,False,False,False,True
1197,9,22.5,0,"(20, 25]",506.25,False,True,False,False,False
875,4,27.0,0,"(25, 30]",729.0,False,False,False,False,True
1320,0,28.0,0,"(25, 30]",784.0,False,True,False,False,False
398,4,21.0,0,"(20, 25]",441.0,False,False,True,False,False
1444,1,39.0,0,"(35, 40]",1521.0,False,True,False,False,False
742,8,24.0,0,"(20, 25]",576.0,False,False,False,False,True
123,3,33.0,0,"(30, 35]",1089.0,True,False,False,False,False
1082,2,20.5,0,"(20, 25]",420.25,False,True,False,False,False
1002,7,25.0,1,"(20, 25]",625.0,False,True,False,False,False
237,2,26.0,0,"(25, 30]",676.0,False,False,True,False,False
901,3,24.5,0,"(20, 25]",600.25,False,True,False,False,False
626,1,38.0,0,"(35, 40]",1444.0,False,False,False,False,True
484,7,39.5,0,"(35, 40]",1560.25,False,False,False,True,False
868,7,24.5,1,"(20, 25]",600.25,False,False,False,False,True
833,5,26.5,0,"(25, 30]",702.25,False,False,False,False,True
51,1,33.5,0,"(30, 35]",1122.25,True,False,False,False,False
1092,4,21.0,0,"(20, 25]",441.0,False,True,False,False,False
134,2,28.5,1,"(25, 30]",812.25,True,False,False,False,False
14,6,18.0,0,"(15, 20]",324.0,True,False,False,False,False
759,2,26.5,0,"(25, 30]",702.25,False,False,False,False,True
827,0,36.5,0,"(35, 40]",1332.25,False,False,False,False,True
758,1,20.0,0,"(15, 20]",400.0,False,False,False,False,True
286,3,26.0,0,"(25, 30]",676.0,False,False,True,False,False
167,4,28.0,0,"(25, 30]",784.0,True,False,False,False,False
141,4,34.5,0,"(30, 35]",1190.25,True,False,False,False,False
182,3,19.0,0,"(15, 20]",361.0,True,False,False,False,False
1344,1,35.0,1,"(30, 35]",1225.0,False,True,False,False,False
885,3,19.5,1,"(15, 20]",380.25,False,False,False,False,True
1346,5,20.0,0,"(15, 20]",400.0,False,True,False,False,False
768,6,28.0,0,"(25, 30]",784.0,False,False,False,False,True
346,2,37.5,0,"(35, 40]",1406.25,False,False,True,False,False
865,1,27.0,0,"(25, 30]",729.0,False,False,False,False,True
1026,5,16.5,0,"(15, 20]",272.25,False,True,False,False,False
839,7,24.0,0,"(20, 25]",576.0,False,False,False,False,True
506,3,31.0,0,"(30, 35]",961.0,False,False,False,True,False
270,1,30.0,0,"(25, 30]",900.0,False,False,True,False,False
1354,7,27.0,0,"(25, 30]",729.0,False,True,False,False,False
653,4,20.0,0,"(15, 20]",400.0,False,False,False,False,True
377,4,29.5,0,"(25, 30]",870.25,False,False,True,False,False
604,3,26.5,0,"(25, 30]",702.25,False,False,False,False,True
238,1,29.5,0,"(25, 30]",870.25,False,False,True,False,False
819,4,34.0,0,"(30, 35]",1156.0,False,False,False,False,True
1360,9,24.5,0,"(20, 25]",600.25,False,True,False,False,False
849,4,32.5,0,"(30, 35]",1056.25,False,False,False,False,True
782,6,24.0,0,"(20, 25]",576.0,False,False,False,False,True
313,0,35.5,0,"(35, 40]",1260.25,False,False,True,False,False
338,0,36.0,0,"(35, 40]",1296.0,False,False,True,False,False
519,3,25.5,0,"(25, 30]",650.25,False,False,False,True,False
787,5,32.0,0,"(30, 35]",1024.0,False,False,False,False,True
311,5,26.5,0,"(25, 30]",702.25,False,False,True,False,False
1126,5,26.5,1,"(25, 30]",702.25,False,True,False,False,False
1398,8,27.0,0,"(25, 30]",729.0,False,True,False,False,False
88,5,28.0,0,"(25, 30]",784.0,True,False,False,False,False
832,1,33.0,0,"(30, 35]",1089.0,False,False,False,False,True
629,1,33.0,0,"(30, 35]",1089.0,False,False,False,False,True
1252,9,34.5,0,"(30, 35]",1190.25,False,True,False,False,False
1010,3,17.0,0,"(15, 20]",289.0,False,True,False,False,False
321,4,27.0,0,"(25, 30]",729.0,False,False,True,False,False
944,5,16.0,1,"(15, 20]",256.0,False,True,False,False,False
922,4,14.5,1,"(10, 15]",210.25,False,True,False,False,False
1257,1,38.5,0,"(35, 40]",1482.25,False,True,False,False,False
449,2,19.5,0,"(15, 20]",380.25,False,False,False,True,False
139,3,16.5,1,"(15, 20]",272.25,True,False,False,False,False
194,4,22.5,0,"(20, 25]",506.25,True,False,False,False,False
801,4,24.5,0,"(20, 25]",600.25,False,False,False,False,True
1262,6,24.5,0,"(20, 25]",600.25,False,True,False,False,False
1263,2,17.0,0,"(15, 20]",289.0,False,True,False,False,False
1386,3,23.5,1,"(20, 25]",552.25,False,True,False,False,False
846,2,25.0,0,"(20, 25]",625.0,False,False,False,False,True
862,0,17.5,0,"(15, 20]",306.25,False,False,False,False,True
739,3,28.5,0,"(25, 30]",812.25,False,False,False,False,True
107,8,32.5,0,"(30, 35]",1056.25,True,False,False,False,False
1269,4,20.0,0,"(15, 20]",400.0,False,True,False,False,False
325,3,25.0,0,"(20, 25]",625.0,False,False,True,False,False
1028,3,13.0,1,"(10, 15]",169.0,False,True,False,False,False
547,1,34.5,0,"(30, 35]",1190.25,False,False,False,True,False
1273,9,31.5,0,"(30, 35]",992.25,False,True,False,False,False
549,5,31.0,0,"(30, 35]",961.0,False,False,False,True,False
606,4,26.5,0,"(25, 30]",702.25,False,False,False,False,True
952,7,19.0,0,"(15, 20]",361.0,False,True,False,False,False
1034,1,37.0,0,"(35, 40]",1369.0,False,True,False,False,False
553,2,17.5,0,"(15, 20]",306.25,False,False,False,True,False
201,1,26.5,0,"(25, 30]",702.25,True,False,False,False,False
860,5,22.0,1,"(20, 25]",484.0,False,False,False,False,True
1118,4,29.0,1,"(25, 30]",841.0,False,True,False,False,False
557,3,22.0,0,"(20, 25]",484.0,False,False,False,True,False
122,4,40.0,0,"(35, 40]",1600.0,True,False,False,False,False
1042,1,25.0,0,"(20, 25]",625.0,False,True,False,False,False
2,1,36.5,0,"(35, 40]",1332.25,True,False,False,False,False
1286,1,27.0,0,"(25, 30]",729.0,False,True,False,False,False
1409,6,33.5,0,"(30, 35]",1122.25,False,True,False,False,False
390,8,30.0,0,"(25, 30]",900.0,False,False,True,False,False
6,6,26.5,0,"(25, 30]",702.25,True,False,False,False,False
7,3,19.0,1,"(15, 20]",361.0,True,False,False,False,False
8,5,34.5,1,"(30, 35]",1190.25,True,False,False,False,False
750,3,19.5,0,"(15, 20]",380.25,False,False,False,False,True
1050,2,21.5,0,"(20, 25]",462.25,False,True,False,False,False
1294,5,23.0,1,"(20, 25]",529.0,False,True,False,False,False
570,4,19.0,0,"(15, 20]",361.0,False,False,False,True,False
609,8,31.0,0,"(30, 35]",961.0,False,False,False,False,True
572,5,18.5,0,"(15, 20]",342.25,False,False,False,True,False
354,5,16.5,0,"(15, 20]",272.25,False,False,True,False,False
1055,3,27.5,0,"(25, 30]",756.25,False,True,False,False,False
936,3,18.5,0,"(15, 20]",342.25,False,True,False,False,False
939,4,19.5,0,"(15, 20]",380.25,False,True,False,False,False
1060,3,24.0,0,"(20, 25]",576.0,False,True,False,False,False
210,7,24.0,0,"(20, 25]",576.0,True,False,False,False,False
778,1,25.0,0,"(20, 25]",625.0,False,False,False,False,True
22,3,16.0,1,"(15, 20]",256.0,True,False,False,False,False
291,2,20.0,0,"(15, 20]",400.0,False,False,True,False,False
766,2,35.5,0,"(35, 40]",1260.25,False,False,False,False,True
25,4,29.5,0,"(25, 30]",870.25,True,False,False,False,False
1065,2,23.5,0,"(20, 25]",552.25,False,True,False,False,False
1067,7,20.0,0,"(15, 20]",400.0,False,True,False,False,False
28,4,26.5,0,"(25, 30]",702.25,True,False,False,False,False
772,5,31.0,0,"(30, 35]",961.0,False,False,False,False,True
1380,5,23.0,0,"(20, 25]",529.0,False,True,False,False,False
589,5,24.5,0,"(20, 25]",600.25,False,False,False,True,False
650,4,36.0,0,"(35, 40]",1296.0,False,False,False,False,True
1316,4,26.5,0,"(25, 30]",702.25,False,True,False,False,False
1496,8,21.0,0,"(20, 25]",441.0,False,True,False,False,False
35,4,24.0,0,"(20, 25]",576.0,True,False,False,False,False
1035,8,34.0,1,"(30, 35]",1156.0,False,True,False,False,False
37,5,16.0,0,"(15, 20]",256.0,True,False,False,False,False
781,2,22.0,0,"(20, 25]",484.0,False,False,False,False,True
1322,5,25.5,1,"(25, 30]",650.25,False,True,False,False,False
1202,1,32.5,0,"(30, 35]",1056.25,False,True,False,False,False
1080,6,22.0,0,"(20, 25]",484.0,False,True,False,False,False
600,3,39.5,0,"(35, 40]",1560.25,False,False,False,True,False
704,4,19.5,0,"(15, 20]",380.25,False,False,False,False,True
272,4,15.0,0,"(10, 15]",225.0,False,False,True,False,False
666,1,42.0,0,"(40, 45]",1764.0,False,False,False,False,True
1329,9,18.0,0,"(15, 20]",324.0,False,True,False,False,False
1087,5,38.0,0,"(35, 40]",1444.0,False,True,False,False,False
275,1,29.0,0,"(25, 30]",841.0,False,False,True,False,False
231,4,22.5,1,"(20, 25]",506.25,False,False,True,False,False
1454,4,36.0,1,"(35, 40]",1296.0,False,True,False,False,False
1212,6,26.5,0,"(25, 30]",702.25,False,True,False,False,False
501,3,28.0,0,"(25, 30]",784.0,False,False,False,True,False
53,6,24.0,0,"(20, 25]",576.0,True,False,False,False,False
973,2,42.5,0,"(40, 45]",1806.25,False,True,False,False,False
855,6,17.5,0,"(15, 20]",306.25,False,False,False,False,True
245,2,11.5,1,"(10, 15]",132.25,False,False,True,False,False
246,4,16.5,0,"(15, 20]",272.25,False,False,True,False,False
58,1,34.5,0,"(30, 35]",1190.25,True,False,False,False,False
426,6,25.5,0,"(25, 30]",650.25,False,False,False,True,False
287,4,15.0,0,"(10, 15]",225.0,False,False,True,False,False
61,4,16.0,1,"(15, 20]",256.0,True,False,False,False,False
896,2,30.5,0,"(30, 35]",930.25,False,False,False,False,True
63,2,21.5,0,"(20, 25]",462.25,True,False,False,False,False
1347,3,19.5,0,"(15, 20]",380.25,False,True,False,False,False
806,2,32.0,0,"(30, 35]",1024.0,False,False,False,False,True
985,8,30.5,0,"(30, 35]",930.25,False,True,False,False,False
660,6,29.0,1,"(25, 30]",841.0,False,False,False,False,True
987,4,38.5,0,"(35, 40]",1482.25,False,True,False,False,False
811,3,37.5,0,"(35, 40]",1406.25,False,False,False,False,True
465,2,15.5,0,"(15, 20]",240.25,False,False,False,True,False
915,4,23.0,1,"(20, 25]",529.0,False,True,False,False,False
774,5,21.5,0,"(20, 25]",462.25,False,False,False,False,True
414,7,19.0,1,"(15, 20]",361.0,False,False,False,True,False
74,2,21.5,0,"(20, 25]",462.25,True,False,False,False,False
276,4,22.5,0,"(20, 25]",506.25,False,False,True,False,False
1075,4,28.5,1,"(25, 30]",812.25,False,True,False,False,False
1117,8,22.0,1,"(20, 25]",484.0,False,True,False,False,False
1361,3,15.5,0,"(15, 20]",240.25,False,True,False,False,False
385,2,21.0,0,"(20, 25]",441.0,False,False,True,False,False
1241,4,27.5,0,"(25, 30]",756.25,False,True,False,False,False
337,3,19.0,0,"(15, 20]",361.0,False,False,True,False,False
342,1,27.5,0,"(25, 30]",756.25,False,False,True,False,False
467,1,37.0,0,"(35, 40]",1369.0,False,False,False,True,False
1003,6,26.5,0,"(25, 30]",702.25,False,True,False,False,False
428,4,30.0,0,"(25, 30]",900.0,False,False,False,True,False
429,2,32.5,0,"(30, 35]",1056.25,False,False,False,True,False
640,3,16.0,0,"(15, 20]",256.0,False,False,False,False,True
1007,3,25.0,0,"(20, 25]",625.0,False,True,False,False,False
1048,1,37.0,0,"(35, 40]",1369.0,False,True,False,False,False
90,12,30.0,0,"(25, 30]",900.0,True,False,False,False,False
725,4,17.5,0,"(15, 20]",306.25,False,False,False,False,True
92,4,12.5,0,"(10, 15]",156.25,True,False,False,False,False
266,4,29.0,0,"(25, 30]",841.0,False,False,True,False,False
659,3,28.5,0,"(25, 30]",812.25,False,False,False,False,True
531,4,24.5,0,"(20, 25]",600.25,False,False,False,True,False
56,1,38.0,0,"(35, 40]",1444.0,True,False,False,False,False
636,3,16.0,0,"(15, 20]",256.0,False,False,False,False,True
1017,5,19.0,0,"(15, 20]",361.0,False,True,False,False,False
99,1,34.0,0,"(30, 35]",1156.0,True,False,False,False,False
720,3,21.5,0,"(20, 25]",462.25,False,False,False,False,True
402,4,19.0,0,"(15, 20]",361.0,False,False,True,False,False
1372,2,34.5,0,"(30, 35]",1190.25,False,True,False,False,False
980,9,34.5,1,"(30, 35]",1190.25,False,True,False,False,False
1184,4,29.5,0,"(25, 30]",870.25,False,True,False,False,False
1145,11,24.5,1,"(20, 25]",600.25,False,True,False,False,False
1146,1,18.5,0,"(15, 20]",342.25,False,True,False,False,False
1390,4,20.0,0,"(15, 20]",400.0,False,True,False,False,False
108,0,34.5,0,"(30, 35]",1190.25,True,False,False,False,False
109,2,20.5,0,"(20, 25]",420.25,True,False,False,False,False
1272,1,21.5,1,"(20, 25]",462.25,False,True,False,False,False
813,3,24.5,0,"(20, 25]",600.25,False,False,False,False,True
1031,5,15.5,1,"(15, 20]",240.25,False,True,False,False,False
1032,1,43.0,1,"(40, 45]",1849.0,False,True,False,False,False
1033,5,37.0,1,"(35, 40]",1369.0,False,True,False,False,False
889,4,13.5,0,"(10, 15]",182.25,False,False,False,False,True
220,2,16.0,0,"(15, 20]",256.0,True,False,False,False,False
859,4,23.0,1,"(20, 25]",529.0,False,False,False,False,True
1076,3,23.5,0,"(20, 25]",552.25,False,True,False,False,False
1476,6,25.0,0,"(20, 25]",625.0,False,True,False,False,False
555,1,35.0,0,"(30, 35]",1225.0,False,False,False,True,False
1119,4,19.5,0,"(15, 20]",380.25,False,True,False,False,False
1162,5,28.0,0,"(25, 30]",784.0,False,True,False,False,False
446,4,33.5,1,"(30, 35]",1122.25,False,False,False,True,False
232,4,32.0,0,"(30, 35]",1024.0,False,False,True,False,False
745,3,21.0,1,"(20, 25]",441.0,False,False,False,False,True
828,6,18.5,0,"(15, 20]",342.25,False,False,False,False,True
1410,3,31.5,1,"(30, 35]",992.25,False,True,False,False,False
895,1,18.5,0,"(15, 20]",342.25,False,False,False,False,True
1088,9,22.0,0,"(20, 25]",484.0,False,True,False,False,False
751,5,24.0,0,"(20, 25]",576.0,False,False,False,False,True
1171,3,24.5,0,"(20, 25]",600.25,False,True,False,False,False
132,4,42.5,0,"(40, 45]",1806.25,True,False,False,False,False
135,4,23.0,0,"(20, 25]",529.0,True,False,False,False,False
1417,2,26.5,0,"(25, 30]",702.25,False,True,False,False,False
571,3,13.5,0,"(10, 15]",182.25,False,False,False,True,False
718,10,36.0,0,"(35, 40]",1296.0,False,False,False,False,True
1056,5,21.5,1,"(20, 25]",462.25,False,True,False,False,False
947,4,32.5,0,"(30, 35]",1056.25,False,True,False,False,False
18,6,22.5,0,"(20, 25]",506.25,True,False,False,False,False
19,4,25.5,0,"(25, 30]",650.25,True,False,False,False,False
607,3,29.0,0,"(25, 30]",841.0,False,False,False,False,True
1182,1,34.5,0,"(30, 35]",1190.25,False,True,False,False,False
1020,3,28.5,0,"(25, 30]",812.25,False,True,False,False,False
368,4,30.0,0,"(25, 30]",900.0,False,False,True,False,False
1307,2,29.0,0,"(25, 30]",841.0,False,True,False,False,False
1429,2,16.5,1,"(15, 20]",272.25,False,True,False,False,False
671,3,18.5,0,"(15, 20]",342.25,False,False,False,False,True
503,5,29.0,0,"(25, 30]",841.0,False,False,False,True,False
149,5,35.0,0,"(30, 35]",1225.0,True,False,False,False,False
258,1,33.5,0,"(30, 35]",1122.25,False,False,True,False,False
111,3,26.0,0,"(25, 30]",676.0,True,False,False,False,False
1313,4,22.0,0,"(20, 25]",484.0,False,True,False,False,False
1072,5,20.0,0,"(15, 20]",400.0,False,True,False,False,False
114,9,25.0,0,"(20, 25]",625.0,True,False,False,False,False
510,5,20.5,0,"(20, 25]",420.25,False,False,False,True,False
304,1,38.5,0,"(35, 40]",1482.25,False,False,True,False,False
1116,1,32.5,1,"(30, 35]",1056.25,False,True,False,False,False
1198,8,24.0,1,"(20, 25]",576.0,False,True,False,False,False
159,2,32.0,0,"(30, 35]",1024.0,True,False,False,False,False
1321,1,24.5,0,"(20, 25]",600.25,False,True,False,False,False
713,5,20.5,0,"(20, 25]",420.25,False,False,False,False,True
1121,3,15.0,1,"(10, 15]",225.0,False,True,False,False,False
478,0,40.0,0,"(35, 40]",1600.0,False,False,False,True,False
1083,1,41.5,0,"(40, 45]",1722.25,False,True,False,False,False
1084,8,26.5,0,"(25, 30]",702.25,False,True,False,False,False
963,3,26.5,1,"(25, 30]",702.25,False,True,False,False,False
1437,9,27.0,1,"(25, 30]",729.0,False,True,False,False,False
401,2,18.0,0,"(15, 20]",324.0,False,False,True,False,False
418,3,15.5,0,"(15, 20]",240.25,False,False,False,True,False
424,2,24.5,0,"(20, 25]",600.25,False,False,False,True,False
319,0,23.0,0,"(20, 25]",529.0,False,False,True,False,False
1213,4,34.5,0,"(30, 35]",1190.25,False,True,False,False,False
1335,2,18.0,0,"(15, 20]",324.0,False,True,False,False,False
686,3,31.0,0,"(30, 35]",961.0,False,False,False,False,True
972,3,26.5,0,"(25, 30]",702.25,False,True,False,False,False
798,4,16.0,1,"(15, 20]",256.0,False,False,False,False,True
57,2,18.5,0,"(15, 20]",342.25,True,False,False,False,False
717,1,17.5,0,"(15, 20]",306.25,False,False,False,False,True
1098,4,33.5,0,"(30, 35]",1122.25,False,True,False,False,False
1342,2,29.0,0,"(25, 30]",841.0,False,True,False,False,False
1343,0,35.5,0,"(35, 40]",1260.25,False,True,False,False,False
419,2,18.0,1,"(15, 20]",324.0,False,False,False,True,False
173,3,41.0,0,"(40, 45]",1681.0,True,False,False,False,False
144,1,35.0,0,"(30, 35]",1225.0,True,False,False,False,False
1225,5,24.0,1,"(20, 25]",576.0,False,True,False,False,False
1469,5,23.0,0,"(20, 25]",529.0,False,True,False,False,False
1106,2,27.5,0,"(25, 30]",756.25,False,True,False,False,False
176,2,36.5,0,"(35, 40]",1332.25,True,False,False,False,False
1406,2,15.0,0,"(10, 15]",225.0,False,True,False,False,False
1407,3,26.0,0,"(25, 30]",676.0,False,True,False,False,False
1110,2,12.5,0,"(10, 15]",156.25,False,True,False,False,False
242,5,23.0,0,"(20, 25]",529.0,False,False,True,False,False
913,2,16.0,0,"(15, 20]",256.0,False,True,False,False,False
154,4,25.5,0,"(25, 30]",650.25,True,False,False,False,False
344,4,24.0,0,"(20, 25]",576.0,False,False,True,False,False
1466,5,24.0,0,"(20, 25]",576.0,False,True,False,False,False
1156,3,22.0,0,"(20, 25]",484.0,False,True,False,False,False
77,3,31.0,0,"(30, 35]",961.0,True,False,False,False,False
554,5,29.0,0,"(25, 30]",841.0,False,False,False,True,False
1473,0,30.0,0,"(25, 30]",900.0,False,True,False,False,False
80,1,32.0,0,"(30, 35]",1024.0,True,False,False,False,False
1242,6,24.5,0,"(20, 25]",600.25,False,True,False,False,False
879,5,25.0,0,"(20, 25]",625.0,False,False,False,False,True
83,4,20.0,0,"(15, 20]",400.0,True,False,False,False,False
1124,4,18.5,1,"(15, 20]",342.25,False,True,False,False,False
416,2,32.0,0,"(30, 35]",1024.0,False,False,False,True,False
1045,3,20.5,0,"(20, 25]",420.25,False,True,False,False,False
168,5,31.5,1,"(30, 35]",992.25,True,False,False,False,False
524,9,24.5,0,"(20, 25]",600.25,False,False,False,True,False
525,8,28.0,0,"(25, 30]",784.0,False,False,False,True,False
566,0,44.0,0,"(40, 45]",1936.0,False,False,False,True,False
1374,1,34.5,0,"(30, 35]",1190.25,False,True,False,False,False
630,3,20.5,0,"(20, 25]",420.25,False,False,False,False,True
1133,7,21.5,0,"(20, 25]",462.25,False,True,False,False,False
54,4,23.5,0,"(20, 25]",552.25,True,False,False,False,False
1378,1,29.5,0,"(25, 30]",870.25,False,True,False,False,False
177,4,18.0,0,"(15, 20]",324.0,True,False,False,False,False
1421,6,26.5,0,"(25, 30]",702.25,False,True,False,False,False
256,2,27.5,0,"(25, 30]",756.25,False,False,True,False,False
1261,3,19.5,0,"(15, 20]",380.25,False,True,False,False,False
100,4,16.0,0,"(15, 20]",256.0,True,False,False,False,False
1384,3,23.0,0,"(20, 25]",529.0,False,True,False,False,False
722,6,21.5,0,"(20, 25]",462.25,False,False,False,False,True
539,2,25.0,0,"(20, 25]",625.0,False,False,False,True,False
104,3,36.5,0,"(35, 40]",1332.25,True,False,False,False,False
657,3,21.0,1,"(20, 25]",441.0,False,False,False,False,True
1470,4,33.0,1,"(30, 35]",1089.0,False,True,False,False,False
1268,2,32.0,0,"(30, 35]",1024.0,False,True,False,False,False
1147,3,14.5,0,"(10, 15]",210.25,False,True,False,False,False
281,1,39.5,0,"(35, 40]",1560.25,False,False,True,False,False
546,0,32.5,0,"(30, 35]",1056.25,False,False,False,True,False
921,2,33.0,0,"(30, 35]",1089.0,False,True,False,False,False
180,3,29.5,0,"(25, 30]",870.25,True,False,False,False,False
612,3,39.5,0,"(35, 40]",1560.25,False,False,False,False,True
919,2,30.5,0,"(30, 35]",930.25,False,True,False,False,False
1155,7,22.0,0,"(20, 25]",484.0,False,True,False,False,False
1277,2,38.5,0,"(35, 40]",1482.25,False,True,False,False,False
208,0,27.5,0,"(25, 30]",756.25,True,False,False,False,False
886,6,28.5,0,"(25, 30]",812.25,False,False,False,False,True
363,3,25.0,0,"(20, 25]",625.0,False,False,True,False,False
375,4,26.0,0,"(25, 30]",676.0,False,False,True,False,False
320,2,25.0,0,"(20, 25]",625.0,False,False,True,False,False
1283,0,18.5,0,"(15, 20]",342.25,False,True,False,False,False
309,1,38.5,0,"(35, 40]",1482.25,False,False,True,False,False
448,3,27.5,0,"(25, 30]",756.25,False,False,False,True,False
4,5,22.0,0,"(20, 25]",484.0,True,False,False,False,False
625,5,18.5,0,"(15, 20]",342.25,False,False,False,False,True
1288,6,17.5,0,"(15, 20]",306.25,False,True,False,False,False
316,4,20.0,1,"(15, 20]",400.0,False,False,True,False,False
668,6,24.5,0,"(20, 25]",600.25,False,False,False,False,True
130,5,33.0,0,"(30, 35]",1089.0,True,False,False,False,False
861,3,16.5,0,"(15, 20]",272.25,False,False,False,False,True
277,5,17.5,0,"(15, 20]",306.25,False,False,True,False,False
1173,4,31.0,0,"(30, 35]",961.0,False,True,False,False,False
94,5,35.0,0,"(30, 35]",1225.0,True,False,False,False,False
648,2,29.5,0,"(25, 30]",870.25,False,False,False,False,True
253,4,38.5,0,"(35, 40]",1482.25,False,False,True,False,False
367,2,21.5,1,"(20, 25]",462.25,False,False,True,False,False
241,5,33.0,0,"(30, 35]",1089.0,False,False,True,False,False
841,2,23.0,0,"(20, 25]",529.0,False,False,False,False,True
829,6,37.5,0,"(35, 40]",1406.25,False,False,False,False,True
577,4,25.5,0,"(25, 30]",650.25,False,False,False,True,False
143,2,13.5,0,"(10, 15]",182.25,True,False,False,False,False
763,0,41.0,0,"(40, 45]",1681.0,False,False,False,False,True
683,3,27.5,0,"(25, 30]",756.25,False,False,False,False,True
369,6,34.5,0,"(30, 35]",1190.25,False,False,True,False,False
582,5,26.5,0,"(25, 30]",702.25,False,False,False,True,False
26,1,38.5,0,"(35, 40]",1482.25,True,False,False,False,False
365,1,30.5,0,"(30, 35]",930.25,False,False,True,False,False
190,4,26.0,0,"(25, 30]",676.0,True,False,False,False,False
586,1,40.5,0,"(40, 45]",1640.25,False,False,False,True,False
112,4,25.5,0,"(25, 30]",650.25,True,False,False,False,False
31,4,42.0,0,"(40, 45]",1764.0,True,False,False,False,False
651,3,22.5,0,"(20, 25]",506.25,False,False,False,False,True
776,1,30.0,0,"(25, 30]",900.0,False,False,False,False,True
736,3,17.0,1,"(15, 20]",289.0,False,False,False,False,True
216,0,26.0,0,"(25, 30]",676.0,True,False,False,False,False
1440,7,22.5,0,"(20, 25]",506.25,False,True,False,False,False
864,3,32.0,0,"(30, 35]",1024.0,False,False,False,False,True
1494,3,30.0,0,"(25, 30]",900.0,False,True,False,False,False
391,6,22.5,0,"(20, 25]",506.25,False,False,True,False,False
41,3,20.0,0,"(15, 20]",400.0,True,False,False,False,False
598,4,30.0,0,"(25, 30]",900.0,False,False,False,True,False
814,1,19.0,0,"(15, 20]",361.0,False,False,False,False,True
1204,6,26.5,0,"(25, 30]",702.25,False,True,False,False,False
1205,7,24.0,1,"(20, 25]",576.0,False,True,False,False,False
1085,7,21.5,0,"(20, 25]",462.25,False,True,False,False,False
1207,1,17.0,0,"(15, 20]",289.0,False,True,False,False,False
1208,3,14.5,0,"(10, 15]",210.25,False,True,False,False,False
169,0,49.0,0,"(45, 50]",2401.0,True,False,False,False,False
498,2,24.5,0,"(20, 25]",600.25,False,False,False,True,False
880,6,20.0,0,"(15, 20]",400.0,False,False,False,False,True
349,2,18.5,0,"(15, 20]",342.25,False,False,True,False,False
1456,0,36.5,0,"(35, 40]",1332.25,False,True,False,False,False
756,3,16.5,0,"(15, 20]",272.25,False,False,False,False,True
1215,6,38.5,0,"(35, 40]",1482.25,False,True,False,False,False
327,1,36.0,0,"(35, 40]",1296.0,False,False,True,False,False
138,3,19.5,0,"(15, 20]",380.25,True,False,False,False,False
533,11,36.0,0,"(35, 40]",1296.0,False,False,False,True,False
1341,3,31.0,0,"(30, 35]",961.0,False,True,False,False,False
904,3,22.5,0,"(20, 25]",506.25,False,True,False,False,False
496,5,17.5,0,"(15, 20]",306.25,False,False,False,True,False
803,2,13.0,0,"(10, 15]",169.0,False,False,False,False,True
682,1,25.5,0,"(25, 30]",650.25,False,False,False,False,True
851,6,33.5,0,"(30, 35]",1122.25,False,False,False,False,True
1493,3,31.5,1,"(30, 35]",992.25,False,True,False,False,False
1481,3,29.5,0,"(25, 30]",870.25,False,True,False,False,False
1227,2,22.5,0,"(20, 25]",506.25,False,True,False,False,False
148,12,23.5,0,"(20, 25]",552.25,True,False,False,False,False
1229,1,38.5,0,"(35, 40]",1482.25,False,True,False,False,False
545,2,14.0,0,"(10, 15]",196.0,False,False,False,True,False
730,7,26.5,0,"(25, 30]",702.25,False,False,False,False,True
1111,7,25.5,0,"(25, 30]",650.25,False,True,False,False,False
1436,2,37.5,0,"(35, 40]",1406.25,False,True,False,False,False
991,4,39.5,0,"(35, 40]",1560.25,False,True,False,False,False
694,2,14.5,0,"(10, 15]",210.25,False,False,False,False,True
236,1,34.0,0,"(30, 35]",1156.0,False,False,True,False,False
552,2,16.0,0,"(15, 20]",256.0,False,False,False,True,False
872,8,30.5,0,"(30, 35]",930.25,False,False,False,False,True
1482,5,26.0,0,"(25, 30]",676.0,False,True,False,False,False
376,6,18.5,0,"(15, 20]",342.25,False,False,True,False,False
516,4,23.5,0,"(20, 25]",552.25,False,False,False,True,False
701,6,16.5,0,"(15, 20]",272.25,False,False,False,False,True
518,4,22.0,0,"(20, 25]",484.0,False,False,False,True,False
1000,1,27.5,0,"(25, 30]",756.25,False,True,False,False,False
126,2,21.0,0,"(20, 25]",441.0,True,False,False,False,False
447,3,23.0,0,"(20, 25]",529.0,False,False,False,True,False
522,5,17.5,0,"(15, 20]",306.25,False,False,False,True,False
315,3,27.5,0,"(25, 30]",756.25,False,False,True,False,False
669,5,20.5,0,"(20, 25]",420.25,False,False,False,False,True
1251,8,21.5,0,"(20, 25]",462.25,False,True,False,False,False
1130,2,32.5,0,"(30, 35]",1056.25,False,True,False,False,False
279,5,24.0,0,"(20, 25]",576.0,False,False,True,False,False
486,7,23.5,1,"(20, 25]",552.25,False,False,False,True,False
1475,1,33.0,0,"(30, 35]",1089.0,False,True,False,False,False
1255,4,20.0,0,"(15, 20]",400.0,False,True,False,False,False
1256,4,27.5,1,"(25, 30]",756.25,False,True,False,False,False
252,4,18.5,0,"(15, 20]",342.25,False,False,True,False,False
573,2,21.5,0,"(20, 25]",462.25,False,False,False,True,False
1259,4,15.5,0,"(15, 20]",240.25,False,True,False,False,False
181,3,24.5,0,"(20, 25]",600.25,True,False,False,False,False
536,6,30.5,0,"(30, 35]",930.25,False,False,False,True,False
389,3,19.5,0,"(15, 20]",380.25,False,False,True,False,False
184,2,16.5,0,"(15, 20]",272.25,True,False,False,False,False
397,2,22.5,0,"(20, 25]",506.25,False,False,True,False,False
836,5,29.5,0,"(25, 30]",870.25,False,False,False,False,True
808,8,34.0,1,"(30, 35]",1156.0,False,False,False,False,True
1064,1,21.0,0,"(20, 25]",441.0,False,True,False,False,False
203,4,22.5,0,"(20, 25]",506.25,True,False,False,False,False
296,3,23.5,0,"(20, 25]",552.25,False,False,True,False,False
585,4,19.5,0,"(15, 20]",380.25,False,False,False,True,False
1150,7,22.0,1,"(20, 25]",484.0,False,True,False,False,False
299,4,27.0,0,"(25, 30]",729.0,False,False,True,False,False
732,1,14.0,0,"(10, 15]",196.0,False,False,False,False,True
1274,7,29.0,0,"(25, 30]",841.0,False,True,False,False,False
735,5,16.5,1,"(15, 20]",272.25,False,False,False,False,True
551,3,19.0,0,"(15, 20]",361.0,False,False,False,True,False
592,1,29.5,0,"(25, 30]",870.25,False,False,False,True,False
892,4,32.5,0,"(30, 35]",1056.25,False,False,False,False,True
404,7,17.0,0,"(15, 20]",289.0,False,False,True,False,False
1488,4,34.0,0,"(30, 35]",1156.0,False,True,False,False,False
556,1,37.5,0,"(35, 40]",1406.25,False,False,False,True,False
1200,7,22.0,0,"(20, 25]",484.0,False,True,False,False,False
558,2,28.5,0,"(25, 30]",812.25,False,False,False,True,False
1285,0,19.5,0,"(15, 20]",380.25,False,True,False,False,False
560,4,37.5,0,"(35, 40]",1406.25,False,False,False,True,False
561,2,31.5,0,"(30, 35]",992.25,False,False,False,True,False
664,2,24.0,0,"(20, 25]",576.0,False,False,False,False,True
790,3,23.0,0,"(20, 25]",529.0,False,False,False,False,True
196,3,31.5,0,"(30, 35]",992.25,True,False,False,False,False
1332,4,27.0,0,"(25, 30]",729.0,False,True,False,False,False
318,6,21.5,0,"(20, 25]",462.25,False,False,True,False,False
1292,5,16.5,1,"(15, 20]",272.25,False,True,False,False,False
568,3,28.0,0,"(25, 30]",784.0,False,False,False,True,False
1468,5,24.0,0,"(20, 25]",576.0,False,True,False,False,False
971,3,17.5,1,"(15, 20]",306.25,False,True,False,False,False
1418,4,31.5,0,"(30, 35]",992.25,False,True,False,False,False
945,0,26.5,0,"(25, 30]",702.25,False,True,False,False,False
676,7,21.5,1,"(20, 25]",462.25,False,False,False,False,True
1299,6,27.5,0,"(25, 30]",756.25,False,True,False,False,False
1300,1,25.0,0,"(20, 25]",625.0,False,True,False,False,False
1058,8,24.5,0,"(20, 25]",600.25,False,True,False,False,False
1411,6,28.0,0,"(25, 30]",784.0,False,True,False,False,False
1303,3,15.5,0,"(15, 20]",240.25,False,True,False,False,False
579,3,30.0,0,"(25, 30]",900.0,False,False,False,True,False
1305,6,30.5,0,"(30, 35]",930.25,False,True,False,False,False
1306,2,35.5,0,"(35, 40]",1260.25,False,True,False,False,False
1463,1,21.0,0,"(20, 25]",441.0,False,True,False,False,False
672,3,18.5,0,"(15, 20]",342.25,False,False,False,False,True
584,1,41.0,0,"(40, 45]",1681.0,False,False,False,True,False
1310,4,32.0,0,"(30, 35]",1024.0,False,True,False,False,False
178,4,40.0,0,"(35, 40]",1600.0,True,False,False,False,False
587,8,22.5,0,"(20, 25]",506.25,False,False,False,True,False
1434,3,23.0,0,"(20, 25]",529.0,False,True,False,False,False
1191,0,35.5,0,"(35, 40]",1260.25,False,True,False,False,False
734,2,17.0,0,"(15, 20]",289.0,False,False,False,False,True
1425,2,30.5,0,"(30, 35]",930.25,False,True,False,False,False
34,4,15.5,0,"(15, 20]",240.25,True,False,False,False,False
1318,7,31.0,0,"(30, 35]",961.0,False,True,False,False,False
1319,2,28.0,0,"(25, 30]",784.0,False,True,False,False,False
1441,4,29.0,0,"(25, 30]",841.0,False,True,False,False,False
1455,2,21.0,0,"(20, 25]",441.0,False,True,False,False,False
712,3,22.0,0,"(20, 25]",484.0,False,False,False,False,True
823,4,27.0,0,"(25, 30]",729.0,False,False,False,False,True
1324,8,31.0,0,"(30, 35]",961.0,False,True,False,False,False
744,5,24.5,0,"(20, 25]",600.25,False,False,False,False,True
665,4,19.5,0,"(15, 20]",380.25,False,False,False,False,True
341,3,12.5,0,"(10, 15]",156.25,False,False,True,False,False
45,2,19.0,1,"(15, 20]",361.0,True,False,False,False,False
749,5,20.0,0,"(15, 20]",400.0,False,False,False,False,True
482,1,20.5,0,"(20, 25]",420.25,False,False,False,True,False
1331,4,35.5,0,"(35, 40]",1260.25,False,True,False,False,False
358,1,36.5,0,"(35, 40]",1332.25,False,False,True,False,False
50,6,32.5,0,"(30, 35]",1056.25,True,False,False,False,False
487,4,20.5,0,"(20, 25]",420.25,False,False,False,True,False
333,1,31.5,0,"(30, 35]",992.25,False,False,True,False,False
268,0,15.5,0,"(15, 20]",240.25,False,False,True,False,False
1337,3,15.5,0,"(15, 20]",240.25,False,True,False,False,False
179,7,27.5,0,"(25, 30]",756.25,True,False,False,False,False
16,3,31.0,0,"(30, 35]",961.0,True,False,False,False,False
976,2,26.0,0,"(25, 30]",676.0,False,True,False,False,False
1220,0,26.5,0,"(25, 30]",702.25,False,True,False,False,False
920,9,21.5,0,"(20, 25]",462.25,False,True,False,False,False
1222,3,37.0,0,"(35, 40]",1369.0,False,True,False,False,False
371,1,36.5,0,"(35, 40]",1332.25,False,False,True,False,False
411,2,29.5,0,"(25, 30]",870.25,False,False,True,False,False
863,3,19.5,0,"(15, 20]",380.25,False,False,False,False,True
188,5,36.0,0,"(35, 40]",1296.0,True,False,False,False,False
1348,3,25.5,0,"(25, 30]",650.25,False,True,False,False,False
515,6,19.5,0,"(15, 20]",380.25,False,False,False,True,False
543,7,21.0,0,"(20, 25]",441.0,False,False,False,True,False
1351,6,28.0,0,"(25, 30]",784.0,False,True,False,False,False
731,3,11.5,0,"(10, 15]",132.25,False,False,False,False,True
153,1,33.0,0,"(30, 35]",1089.0,True,False,False,False,False
427,5,17.5,1,"(15, 20]",306.25,False,False,False,True,False
1355,9,22.5,0,"(20, 25]",506.25,False,True,False,False,False
992,7,31.5,0,"(30, 35]",992.25,False,True,False,False,False
695,7,19.0,0,"(15, 20]",361.0,False,False,False,False,True
1358,2,27.5,0,"(25, 30]",756.25,False,True,False,False,False
1359,1,40.0,0,"(35, 40]",1600.0,False,True,False,False,False
777,4,23.0,0,"(20, 25]",529.0,False,False,False,False,True
891,4,29.0,0,"(25, 30]",841.0,False,False,False,False,True
1471,3,22.0,0,"(20, 25]",484.0,False,True,False,False,False
1363,2,31.5,0,"(30, 35]",992.25,False,True,False,False,False
353,10,32.0,0,"(30, 35]",1024.0,False,False,True,False,False
166,0,27.0,0,"(25, 30]",729.0,True,False,False,False,False
441,5,26.0,0,"(25, 30]",676.0,False,False,False,True,False
1246,6,20.5,0,"(20, 25]",420.25,False,True,False,False,False
706,5,26.5,0,"(25, 30]",702.25,False,False,False,False,True
417,5,18.0,0,"(15, 20]",324.0,False,False,False,True,False
87,6,25.0,0,"(20, 25]",625.0,True,False,False,False,False
1250,2,15.5,0,"(15, 20]",240.25,False,True,False,False,False
425,2,47.5,0,"(45, 50]",2256.25,False,False,False,True,False
360,7,26.5,0,"(25, 30]",702.25,False,False,True,False,False
834,4,27.0,0,"(25, 30]",729.0,False,False,False,False,True
460,3,23.5,0,"(20, 25]",552.25,False,False,False,True,False
631,3,16.0,0,"(15, 20]",256.0,False,False,False,False,True
1377,3,15.5,1,"(15, 20]",240.25,False,True,False,False,False
240,3,26.0,0,"(25, 30]",676.0,False,False,True,False,False
454,5,35.5,0,"(35, 40]",1260.25,False,False,False,True,False
1340,3,38.0,0,"(35, 40]",1444.0,False,True,False,False,False
453,1,44.0,0,"(40, 45]",1936.0,False,False,False,True,False
1139,1,27.0,0,"(25, 30]",729.0,False,True,False,False,False
802,3,24.0,0,"(20, 25]",576.0,False,False,False,False,True
101,5,22.0,0,"(20, 25]",484.0,True,False,False,False,False
845,7,30.0,0,"(25, 30]",900.0,False,False,False,False,True
1183,2,28.5,0,"(25, 30]",812.25,False,True,False,False,False
1387,11,29.5,0,"(25, 30]",870.25,False,True,False,False,False
541,2,24.0,0,"(20, 25]",576.0,False,False,False,True,False
1389,2,27.5,0,"(25, 30]",756.25,False,True,False,False,False
837,3,16.0,0,"(15, 20]",256.0,False,False,False,False,True
1270,7,19.0,1,"(15, 20]",361.0,False,True,False,False,False
771,2,30.5,0,"(30, 35]",930.25,False,False,False,False,True
284,5,22.5,0,"(20, 25]",506.25,False,False,True,False,False
1394,5,25.0,1,"(20, 25]",625.0,False,True,False,False,False
1395,0,38.5,0,"(35, 40]",1482.25,False,True,False,False,False
1275,6,24.5,0,"(20, 25]",600.25,False,True,False,False,False
469,6,25.5,1,"(25, 30]",650.25,False,False,False,True,False
215,0,33.0,0,"(30, 35]",1089.0,True,False,False,False,False
1399,3,29.5,0,"(25, 30]",870.25,False,True,False,False,False
117,3,27.0,0,"(25, 30]",729.0,True,False,False,False,False
1158,1,28.0,0,"(25, 30]",784.0,False,True,False,False,False
752,3,35.0,0,"(30, 35]",1225.0,False,False,False,False,True
1281,1,33.0,0,"(30, 35]",1089.0,False,True,False,False,False
1120,3,22.0,0,"(20, 25]",484.0,False,True,False,False,False
1163,5,23.5,0,"(20, 25]",552.25,False,True,False,False,False
1040,2,29.5,0,"(25, 30]",870.25,False,True,False,False,False
125,2,15.5,0,"(15, 20]",240.25,True,False,False,False,False
1044,1,25.5,0,"(25, 30]",650.25,False,True,False,False,False
871,9,30.0,0,"(25, 30]",900.0,False,False,False,False,True
708,3,34.5,0,"(30, 35]",1190.25,False,False,False,False,True
129,2,36.5,0,"(35, 40]",1332.25,True,False,False,False,False
444,6,29.0,0,"(25, 30]",841.0,False,False,False,True,False
1413,0,35.0,0,"(30, 35]",1225.0,False,True,False,False,False
567,4,20.0,0,"(15, 20]",400.0,False,False,False,True,False
1415,3,24.0,0,"(20, 25]",576.0,False,True,False,False,False
1052,2,15.5,1,"(15, 20]",240.25,False,True,False,False,False
754,2,40.0,1,"(35, 40]",1600.0,False,False,False,False,True
1054,2,24.0,0,"(20, 25]",576.0,False,True,False,False,False
96,1,30.0,0,"(25, 30]",900.0,True,False,False,False,False
1367,2,41.0,1,"(40, 45]",1681.0,False,True,False,False,False
1057,6,31.0,0,"(30, 35]",961.0,False,True,False,False,False
760,3,27.5,0,"(25, 30]",756.25,False,False,False,False,True
762,5,18.5,0,"(15, 20]",342.25,False,False,False,False,True
456,4,17.5,1,"(15, 20]",306.25,False,False,False,True,False
1304,5,18.5,0,"(15, 20]",342.25,False,True,False,False,False
642,1,25.0,0,"(20, 25]",625.0,False,False,False,False,True
1427,6,24.0,0,"(20, 25]",576.0,False,True,False,False,False
145,5,33.5,0,"(30, 35]",1122.25,True,False,False,False,False
393,2,14.5,0,"(10, 15]",210.25,False,False,True,False,False
323,0,32.5,0,"(30, 35]",1056.25,False,False,True,False,False
1188,2,16.5,0,"(15, 20]",272.25,False,True,False,False,False
1392,2,15.0,1,"(10, 15]",225.0,False,True,False,False,False
300,3,24.0,0,"(20, 25]",576.0,False,False,True,False,False
733,3,35.0,0,"(30, 35]",1225.0,False,False,False,False,True
1314,1,30.5,0,"(30, 35]",930.25,False,True,False,False,False
1396,2,16.5,0,"(15, 20]",272.25,False,True,False,False,False
590,3,28.5,0,"(25, 30]",812.25,False,False,False,True,False
1195,2,33.0,0,"(30, 35]",1089.0,False,True,False,False,False
410,3,23.0,0,"(20, 25]",529.0,False,False,True,False,False
305,2,20.5,0,"(20, 25]",420.25,False,False,True,False,False
1489,3,18.5,0,"(15, 20]",342.25,False,True,False,False,False
355,5,25.0,0,"(20, 25]",625.0,False,False,True,False,False
39,3,18.5,0,"(15, 20]",342.25,True,False,False,False,False
878,2,22.5,0,"(20, 25]",506.25,False,False,False,False,True
1405,4,22.5,0,"(20, 25]",506.25,False,True,False,False,False
1203,2,27.0,0,"(25, 30]",729.0,False,True,False,False,False
1327,0,31.5,0,"(30, 35]",992.25,False,True,False,False,False
1287,8,21.5,0,"(20, 25]",462.25,False,True,False,False,False
481,1,27.5,0,"(25, 30]",756.25,False,False,False,True,False
748,4,23.5,0,"(20, 25]",552.25,False,False,False,False,True
170,2,31.5,0,"(30, 35]",992.25,True,False,False,False,False
359,4,27.5,0,"(25, 30]",756.25,False,False,True,False,False
791,11,38.0,0,"(35, 40]",1444.0,False,False,False,False,True
1211,3,10.0,1,"(5, 10]",100.0,False,True,False,False,False
685,10,22.0,0,"(20, 25]",484.0,False,False,False,False,True
52,1,25.5,0,"(25, 30]",650.25,True,False,False,False,False
715,4,25.5,0,"(25, 30]",650.25,False,False,False,False,True
1094,9,34.0,0,"(30, 35]",1156.0,False,True,False,False,False
1216,3,31.5,0,"(30, 35]",992.25,False,True,False,False,False
1339,14,26.5,0,"(25, 30]",702.25,False,True,False,False,False
1096,6,22.5,1,"(20, 25]",506.25,False,True,False,False,False
494,1,34.5,0,"(30, 35]",1190.25,False,False,False,True,False
219,6,31.0,0,"(30, 35]",961.0,True,False,False,False,False
890,3,30.0,0,"(25, 30]",900.0,False,False,False,False,True
497,0,37.0,0,"(35, 40]",1369.0,False,False,False,True,False
405,1,31.5,0,"(30, 35]",992.25,False,False,True,False,False
372,5,32.5,0,"(30, 35]",1056.25,False,False,True,False,False
1464,4,34.0,0,"(30, 35]",1156.0,False,True,False,False,False
147,5,35.5,0,"(35, 40]",1260.25,True,False,False,False,False
1349,4,22.5,0,"(20, 25]",506.25,False,True,False,False,False
1350,0,32.0,1,"(30, 35]",1024.0,False,True,False,False,False
68,2,29.0,0,"(25, 30]",841.0,True,False,False,False,False
151,1,35.0,0,"(30, 35]",1225.0,True,False,False,False,False
1232,1,31.0,0,"(30, 35]",961.0,False,True,False,False,False
842,6,35.5,0,"(35, 40]",1260.25,False,False,False,False,True
1233,4,23.0,0,"(20, 25]",529.0,False,True,False,False,False
1356,4,37.0,0,"(35, 40]",1369.0,False,True,False,False,False
1465,2,29.0,0,"(25, 30]",841.0,False,True,False,False,False
227,5,22.5,0,"(20, 25]",506.25,False,False,True,False,False
1472,0,28.5,0,"(25, 30]",812.25,False,True,False,False,False
1477,9,29.5,0,"(25, 30]",870.25,False,True,False,False,False
186,4,29.5,0,"(25, 30]",870.25,True,False,False,False,False
162,5,32.5,0,"(30, 35]",1056.25,True,False,False,False,False
81,3,37.5,0,"(35, 40]",1406.25,True,False,False,False,False
1364,9,24.0,0,"(20, 25]",576.0,False,True,False,False,False
1365,4,32.5,0,"(30, 35]",1056.25,False,True,False,False,False
853,4,26.0,0,"(25, 30]",676.0,False,False,False,False,True
520,3,27.5,0,"(25, 30]",756.25,False,False,False,True,False
1125,2,26.0,1,"(25, 30]",676.0,False,True,False,False,False
1369,7,25.5,0,"(25, 30]",650.25,False,True,False,False,False
1370,2,27.5,0,"(25, 30]",756.25,False,True,False,False,False
1128,4,20.5,1,"(20, 25]",420.25,False,True,False,False,False
641,1,34.0,0,"(30, 35]",1156.0,False,False,False,False,True
910,1,43.5,0,"(40, 45]",1892.25,False,True,False,False,False
263,2,25.5,0,"(25, 30]",650.25,False,False,True,False,False
322,4,22.5,0,"(20, 25]",506.25,False,False,True,False,False
1458,1,16.5,0,"(15, 20]",272.25,False,True,False,False,False
1134,3,29.5,0,"(25, 30]",870.25,False,True,False,False,False
95,0,27.5,0,"(25, 30]",756.25,True,False,False,False,False
97,3,11.0,0,"(10, 15]",121.0,True,False,False,False,False
678,9,28.0,0,"(25, 30]",784.0,False,False,False,False,True
534,2,38.0,0,"(35, 40]",1444.0,False,False,False,True,False
856,2,30.5,0,"(30, 35]",930.25,False,False,False,False,True
431,1,37.5,0,"(35, 40]",1406.25,False,False,False,True,False
209,6,17.5,0,"(15, 20]",306.25,True,False,False,False,False
1453,7,23.5,1,"(20, 25]",552.25,False,True,False,False,False
723,6,27.5,1,"(25, 30]",756.25,False,False,False,False,True
738,4,20.0,0,"(15, 20]",400.0,False,False,False,False,True
807,1,23.0,0,"(20, 25]",529.0,False,False,False,False,True
700,5,28.0,0,"(25, 30]",784.0,False,False,False,False,True
1432,5,34.0,0,"(30, 35]",1156.0,False,True,False,False,False
1148,7,23.5,0,"(20, 25]",552.25,False,True,False,False,False
1149,6,26.5,1,"(25, 30]",702.25,False,True,False,False,False
661,5,26.5,0,"(25, 30]",702.25,False,False,False,False,True
434,1,37.5,0,"(35, 40]",1406.25,False,False,False,True,False
693,3,33.5,0,"(30, 35]",1122.25,False,False,False,False,True
247,1,33.5,0,"(30, 35]",1122.25,False,False,True,False,False
550,3,19.5,0,"(15, 20]",380.25,False,False,False,True,False
470,6,41.0,0,"(40, 45]",1681.0,False,False,False,True,False
1495,3,20.0,1,"(15, 20]",400.0,False,True,False,False,False
898,7,45.0,0,"(40, 45]",2025.0,False,False,False,False,True
1401,7,18.0,0,"(15, 20]",324.0,False,True,False,False,False
119,2,26.5,0,"(25, 30]",702.25,True,False,False,False,False
741,4,26.5,0,"(25, 30]",702.25,False,False,False,False,True
121,4,19.5,0,"(15, 20]",380.25,True,False,False,False,False
1284,4,22.0,0,"(20, 25]",484.0,False,True,False,False,False
961,2,39.0,0,"(35, 40]",1521.0,False,True,False,False,False
479,4,26.5,0,"(25, 30]",702.25,False,False,False,True,False
1165,4,20.5,0,"(20, 25]",420.25,False,True,False,False,False
1166,4,21.0,0,"(20, 25]",441.0,False,True,False,False,False
1438,3,26.0,0,"(25, 30]",676.0,False,True,False,False,False
451,1,12.0,0,"(10, 15]",144.0,False,False,False,True,False
565,8,32.0,0,"(30, 35]",1024.0,False,False,False,True,False
290,2,32.5,0,"(30, 35]",1056.25,False,False,True,False,False
796,5,24.5,0,"(20, 25]",600.25,False,False,False,False,True
1484,6,17.5,0,"(15, 20]",306.25,False,True,False,False,False
1416,2,29.0,0,"(25, 30]",841.0,False,True,False,False,False
529,8,29.0,0,"(25, 30]",841.0,False,False,False,True,False
1297,4,19.0,0,"(15, 20]",361.0,False,True,False,False,False
1176,4,32.0,1,"(30, 35]",1024.0,False,True,False,False,False
1448,4,36.5,0,"(35, 40]",1332.25,False,True,False,False,False
493,1,27.5,0,"(25, 30]",756.25,False,False,False,True,False
1382,3,31.5,0,"(30, 35]",992.25,False,True,False,False,False
329,5,35.5,0,"(35, 40]",1260.25,False,False,True,False,False
1059,3,17.0,1,"(15, 20]",289.0,False,True,False,False,False
1412,5,23.5,1,"(20, 25]",552.25,False,True,False,False,False
538,8,31.5,0,"(30, 35]",992.25,False,False,False,True,False
580,5,24.5,0,"(20, 25]",600.25,False,False,False,True,False
697,0,34.0,0,"(30, 35]",1156.0,False,False,False,False,True
1104,2,36.0,0,"(35, 40]",1296.0,False,True,False,False,False
306,1,29.0,0,"(25, 30]",841.0,False,False,True,False,False
1391,4,22.5,0,"(20, 25]",506.25,False,True,False,False,False
193,4,34.5,0,"(30, 35]",1190.25,True,False,False,False,False
110,4,30.5,0,"(30, 35]",930.25,True,False,False,False,False
1461,8,23.0,0,"(20, 25]",529.0,False,True,False,False,False
588,1,21.5,0,"(20, 25]",462.25,False,False,False,True,False
815,6,29.5,0,"(25, 30]",870.25,False,False,False,False,True
857,4,14.5,0,"(10, 15]",210.25,False,False,False,False,True
591,2,26.0,0,"(25, 30]",676.0,False,False,False,True,False
1500,2,44.0,0,"(40, 45]",1936.0,False,True,False,False,False
382,1,27.5,0,"(25, 30]",756.25,False,False,True,False,False
202,3,24.0,0,"(20, 25]",576.0,True,False,False,False,False
779,2,32.0,0,"(30, 35]",1024.0,False,False,False,False,True
1443,5,20.0,0,"(15, 20]",400.0,False,True,False,False,False
191,3,15.5,0,"(15, 20]",240.25,True,False,False,False,False
1160,5,23.0,0,"(20, 25]",529.0,False,True,False,False,False
1325,5,15.0,1,"(10, 15]",225.0,False,True,False,False,False
1408,0,32.5,0,"(30, 35]",1056.25,False,True,False,False,False
1368,0,25.0,0,"(20, 25]",625.0,False,True,False,False,False
1449,1,31.5,0,"(30, 35]",992.25,False,True,False,False,False
1478,7,21.5,0,"(20, 25]",462.25,False,True,False,False,False
483,5,22.5,1,"(20, 25]",506.25,False,False,False,True,False
408,0,14.0,0,"(10, 15]",196.0,False,False,True,False,False
392,3,31.0,0,"(30, 35]",961.0,False,False,True,False,False
795,3,25.5,0,"(25, 30]",650.25,False,False,False,False,True
793,0,16.0,0,"(15, 20]",256.0,False,False,False,False,True
361,4,25.5,0,"(25, 30]",650.25,False,False,True,False,False
716,6,36.5,0,"(35, 40]",1332.25,False,False,False,False,True
1419,2,23.5,0,"(20, 25]",552.25,False,True,False,False,False
883,4,37.0,0,"(35, 40]",1369.0,False,False,False,False,True
1393,4,19.0,0,"(15, 20]",361.0,False,True,False,False,False
1097,0,40.5,0,"(40, 45]",1640.25,False,True,False,False,False
638,1,12.5,0,"(10, 15]",156.25,False,False,False,False,True
1099,8,24.0,0,"(20, 25]",576.0,False,True,False,False,False
1221,7,19.5,1,"(15, 20]",380.25,False,True,False,False,False
399,5,28.0,0,"(25, 30]",784.0,False,False,True,False,False
1483,2,19.0,0,"(15, 20]",361.0,False,True,False,False,False
213,8,22.5,0,"(20, 25]",506.25,True,False,False,False,False
185,2,28.5,0,"(25, 30]",812.25,True,False,False,False,False
146,3,32.5,0,"(30, 35]",1056.25,True,False,False,False,False
1430,2,36.5,0,"(35, 40]",1332.25,False,True,False,False,False
204,3,38.0,0,"(35, 40]",1444.0,True,False,False,False,False
1474,2,42.5,0,"(40, 45]",1806.25,False,True,False,False,False
150,4,32.5,0,"(30, 35]",1056.25,True,False,False,False,False
1231,9,22.5,0,"(20, 25]",506.25,False,True,False,False,False
507,4,20.5,0,"(20, 25]",420.25,False,False,False,True,False
259,5,37.5,0,"(35, 40]",1406.25,False,False,True,False,False
1234,9,26.5,0,"(25, 30]",702.25,False,True,False,False,False
1485,2,37.0,1,"(35, 40]",1369.0,False,True,False,False,False
655,3,20.0,0,"(15, 20]",400.0,False,False,False,False,True
1237,0,40.0,1,"(35, 40]",1600.0,False,True,False,False,False
884,3,34.5,0,"(30, 35]",1190.25,False,False,False,False,True
221,5,18.5,0,"(15, 20]",342.25,True,False,False,False,False
850,5,20.0,0,"(15, 20]",400.0,False,False,False,False,True
175,3,25.5,0,"(25, 30]",650.25,True,False,False,False,False
783,3,26.5,0,"(25, 30]",702.25,False,False,False,False,True
223,7,24.0,0,"(20, 25]",576.0,True,False,False,False,False
1244,4,21.0,0,"(20, 25]",441.0,False,True,False,False,False
816,0,25.0,0,"(20, 25]",625.0,False,False,False,False,True
521,2,36.5,0,"(35, 40]",1332.25,False,False,False,True,False
46,4,25.5,0,"(25, 30]",650.25,True,False,False,False,False
243,3,28.5,0,"(25, 30]",812.25,False,False,True,False,False
1371,2,25.5,0,"(25, 30]",650.25,False,True,False,False,False
89,4,31.0,0,"(30, 35]",961.0,True,False,False,False,False
1490,5,26.5,0,"(25, 30]",702.25,False,True,False,False,False
527,2,41.0,1,"(40, 45]",1681.0,False,False,False,True,False
528,1,36.5,0,"(35, 40]",1332.25,False,False,False,True,False
93,4,40.0,0,"(35, 40]",1600.0,True,False,False,False,False
1446,5,15.5,0,"(15, 20]",240.25,False,True,False,False,False
1420,4,24.0,1,"(20, 25]",576.0,False,True,False,False,False
532,7,33.0,1,"(30, 35]",1089.0,False,False,False,True,False
974,1,32.0,0,"(30, 35]",1024.0,False,True,False,False,False
1381,7,29.5,0,"(25, 30]",870.25,False,True,False,False,False
535,7,21.0,0,"(20, 25]",441.0,False,False,False,True,False
1140,2,25.0,0,"(20, 25]",625.0,False,True,False,False,False
1467,4,15.0,0,"(10, 15]",225.0,False,True,False,False,False
1491,5,41.5,0,"(40, 45]",1722.25,False,True,False,False,False
764,7,26.5,0,"(25, 30]",702.25,False,False,False,False,True
199,4,30.0,0,"(25, 30]",900.0,True,False,False,False,False
105,2,12.0,0,"(10, 15]",144.0,True,False,False,False,False
542,4,31.0,0,"(30, 35]",961.0,False,False,False,True,False
366,0,14.0,0,"(10, 15]",196.0,False,False,True,False,False
544,2,36.5,0,"(35, 40]",1332.25,False,False,False,True,False
298,10,26.5,0,"(25, 30]",702.25,False,False,True,False,False
1353,2,38.5,0,"(35, 40]",1482.25,False,True,False,False,False
690,0,34.0,0,"(30, 35]",1156.0,False,False,False,False,True
1450,7,29.0,0,"(25, 30]",841.0,False,True,False,False,False
229,3,31.5,0,"(30, 35]",992.25,False,False,True,False,False
1397,3,19.0,0,"(15, 20]",361.0,False,True,False,False,False
1276,9,27.5,0,"(25, 30]",756.25,False,True,False,False,False
1385,6,20.0,0,"(15, 20]",400.0,False,True,False,False,False
1278,6,20.5,1,"(20, 25]",420.25,False,True,False,False,False
1497,3,19.0,0,"(15, 20]",361.0,False,True,False,False,False
387,3,19.0,0,"(15, 20]",361.0,False,False,True,False,False
1402,3,32.0,1,"(30, 35]",1024.0,False,True,False,False,False
1282,4,21.0,0,"(20, 25]",441.0,False,True,False,False,False
297,2,33.5,0,"(30, 35]",1122.25,False,False,True,False,False
703,5,20.5,1,"(20, 25]",420.25,False,False,False,False,True
84,4,18.0,1,"(15, 20]",324.0,True,False,False,False,False
352,5,38.0,0,"(35, 40]",1444.0,False,False,True,False,False
746,5,24.5,0,"(20, 25]",600.25,False,False,False,False,True
195,3,23.5,0,"(20, 25]",552.25,True,False,False,False,False
564,4,22.5,0,"(20, 25]",506.25,False,False,False,True,False
831,3,17.0,0,"(15, 20]",289.0,False,False,False,False,True
211,5,30.5,1,"(30, 35]",930.25,True,False,False,False,False
1451,2,27.0,1,"(25, 30]",729.0,False,True,False,False,False
1414,6,30.5,0,"(30, 35]",930.25,False,True,False,False,False
133,1,35.0,0,"(30, 35]",1225.0,True,False,False,False,False
1295,1,27.0,0,"(25, 30]",729.0,False,True,False,False,False
254,6,36.0,0,"(35, 40]",1296.0,False,False,True,False,False
946,3,19.5,0,"(15, 20]",380.25,False,True,False,False,False
1422,2,18.0,0,"(15, 20]",324.0,False,True,False,False,False
610,7,27.5,1,"(25, 30]",756.25,False,False,False,False,True
1423,3,30.0,0,"(25, 30]",900.0,False,True,False,False,False
1301,3,27.0,0,"(25, 30]",729.0,False,True,False,False,False
680,8,33.5,0,"(30, 35]",1122.25,False,False,False,False,True
400,6,25.5,1,"(25, 30]",650.25,False,False,True,False,False
21,3,20.5,0,"(20, 25]",420.25,True,False,False,False,False
1487,1,28.5,0,"(25, 30]",812.25,False,True,False,False,False
1428,4,32.0,1,"(30, 35]",1024.0,False,True,False,False,False
727,5,26.0,1,"(25, 30]",676.0,False,False,False,False,True
1309,3,13.5,0,"(10, 15]",182.25,False,True,False,False,False
1066,3,21.0,0,"(20, 25]",441.0,False,True,False,False,False
1462,3,13.5,0,"(10, 15]",182.25,False,True,False,False,False
301,8,25.5,0,"(25, 30]",650.25,False,False,True,False,False
207,6,23.5,0,"(20, 25]",552.25,True,False,False,False,False
1435,4,31.0,0,"(30, 35]",961.0,False,True,False,False,False
1192,4,29.5,1,"(25, 30]",870.25,False,True,False,False,False
1480,2,34.0,0,"(30, 35]",1156.0,False,True,False,False,False
33,3,26.0,0,"(25, 30]",676.0,True,False,False,False,False
303,0,31.0,0,"(30, 35]",961.0,False,False,True,False,False
817,3,31.0,0,"(30, 35]",961.0,False,False,False,False,True
1486,5,19.0,1,"(15, 20]",361.0,False,True,False,False,False
595,7,34.0,0,"(30, 35]",1156.0,False,False,False,True,False
867,3,41.0,1,"(40, 45]",1681.0,False,False,False,False,True
597,7,28.0,0,"(25, 30]",784.0,False,False,False,True,False
1366,2,18.5,1,"(15, 20]",342.25,False,True,False,False,False
619,3,22.5,0,"(20, 25]",506.25,False,False,False,False,True
826,4,17.0,0,"(15, 20]",289.0,False,False,False,False,True
601,3,29.0,0,"(25, 30]",841.0,False,False,False,True,False
602,1,39.0,0,"(35, 40]",1521.0,False,False,False,True,False
